Dimension,Category,Sample_Count,Sample_Pct,MAE_Months,MedAE_Months,P90_Months,Worst_10Pct_Concentration,Worst_25Pct_Concentration
Sector,Airport Authority of India [AAI],16,0.1,5.01,0.14,16.94,0.0,25.0
Sector,CIVIL AVIATION,282,1.5,6.94,0.84,25.69,9.9,17.0
Sector,COAL,2659,13.8,12.74,0.24,53.87,15.3,24.5
Sector,DEFENCE PRODUCTION,95,0.5,7.57,1.74,26.07,9.5,24.2
Sector,FINANCE,20,0.1,2.94,2.27,4.5,0.0,10.0
Sector,HEALTH AND FAMILY WELFARE,49,0.3,8.74,0.87,30.4,10.2,20.4
Sector,MINES,59,0.3,10.22,0.62,60.8,11.9,15.3
Sector,MINISTRY OF HOUSING & URBAN AFFAIRS,679,3.5,12.38,0.83,50.57,19.9,27.8
Sector,PETROLEUM,1075,5.6,5.0,0.6,13.58,5.7,18.0
Sector,POWER,1732,9.0,9.53,0.87,34.56,12.9,29.0
Sector,RAILWAYS,9324,48.3,10.0,0.88,26.45,9.7,28.5
Sector,ROAD TRANSPORT AND HIGHWAYS,2314,12.0,2.54,1.19,5.04,1.2,11.7
Sector,SHIPPING AND PORTS,16,0.1,8.91,1.07,34.95,12.5,18.8
Sector,STEEL,270,1.4,4.6,0.39,21.78,4.8,20.0
Sector,TELECOMMUNICATIONS,10,0.1,3.51,1.88,6.1,0.0,30.0
Sector,URBAN DEVELOPMENT,163,0.8,9.32,1.75,42.16,11.0,25.2
Sector,WATER RESOURCES,523,2.7,20.47,1.14,64.98,17.4,31.2
Ministry,Airport Authority of India [AAI],16,0.1,5.01,0.14,16.94,0.0,25.0
Ministry,CIVIL AVIATION,198,1.0,6.31,0.72,16.33,8.1,13.6
Ministry,CIVIL AVIATION / AAI,84,0.4,8.44,1.41,33.22,14.3,25.0
Ministry,COAL,1715,8.9,11.65,0.07,51.68,14.3,22.7
Ministry,COAL / BCCL,40,0.2,12.7,1.19,40.73,15.0,42.5
Ministry,COAL / CCL,118,0.6,18.25,0.18,89.04,19.5,20.3
Ministry,COAL / ECL,84,0.4,22.71,1.58,90.04,21.4,38.1
Ministry,COAL / MCL,81,0.4,17.26,0.37,94.24,16.0,19.8
Ministry,COAL / Multi-States (Andhra Pradesh,20,0.1,3.63,1.13,7.38,0.0,25.0
Ministry,COAL / Multi-States (Arunachal Pradesh,16,0.1,13.4,1.57,46.72,25.0,31.2
Ministry,COAL / Multi-States (Bihar,12,0.1,3.84,0.42,8.34,0.0,16.7
Ministry,COAL / Multi-States (Delhi,12,0.1,7.08,2.94,17.3,0.0,41.7
Ministry,COAL / Multi-States (Haryana,16,0.1,4.7,0.98,15.84,12.5,12.5
Ministry,COAL / Multi-States (Madhya Pradesh,40,0.2,4.93,0.08,23.63,7.5,15.0
Ministry,COAL / Multi-States (Rajasthan,16,0.1,4.97,2.93,14.86,0.0,31.2
Ministry,COAL / NCL,37,0.2,13.36,1.45,43.38,21.6,43.2
Ministry,COAL / NLC,26,0.1,8.23,0.4,10.86,7.7,15.4
Ministry,COAL / SCCL,87,0.5,14.1,3.95,50.68,21.8,44.8
Ministry,COAL / SECL,121,0.6,19.76,0.75,78.34,22.3,28.9
Ministry,COAL / WCL,185,1.0,13.7,0.37,68.33,18.4,22.2
Ministry,DEFENCE PRODUCTION / CPWD EDUCATION,61,0.3,5.96,1.88,24.88,6.6,24.6
Ministry,DEFENCE PRODUCTION / RITES OF HIGHER,10,0.1,11.97,1.18,18.99,10.0,30.0
Ministry,DEFENCE PRODUCTION / Sikkim Universi,10,0.1,10.33,1.87,43.4,20.0,30.0
Ministry,FINANCE,13,0.1,3.41,3.27,4.56,0.0,15.4
Ministry,HEALTH AND FAMILY WELFARE / CPWD FOR HEALTH,12,0.1,22.47,0.74,60.0,33.3,41.7
Ministry,HEALTH AND FAMILY WELFARE / CPWD FOR MHA,20,0.1,0.86,0.72,1.28,0.0,0.0
Ministry,HEALTH AND FAMILY WELFARE / HITES,17,0.1,8.31,1.96,22.52,5.9,29.4
Ministry,MINES,49,0.3,8.37,0.13,20.65,10.2,12.2
Ministry,MINES / NALCO,10,0.1,19.26,1.83,87.89,20.0,30.0
Ministry,MINISTRY OF HOUSING & URBAN AFFAIRS,650,3.4,12.25,0.78,50.57,19.4,27.5
Ministry,MINISTRY OF HOUSING & URBAN AFFAIRS / Multi-States (Gujarat,16,0.1,14.9,2.36,37.64,37.5,43.8
Ministry,PETROLEUM,490,2.5,5.67,0.39,23.28,7.1,16.9
Ministry,PETROLEUM / BPCL,48,0.2,5.97,1.66,15.97,8.3,18.8
Ministry,PETROLEUM / CPCL,10,0.1,11.97,1.17,37.19,30.0,30.0
Ministry,PETROLEUM / GAIL,55,0.3,3.22,0.57,6.09,3.6,20.0
Ministry,PETROLEUM / HPCL,87,0.5,5.65,0.66,24.0,6.9,18.4
Ministry,PETROLEUM / IOCL,283,1.5,3.82,0.59,7.21,2.1,18.7
Ministry,PETROLEUM / NRL,18,0.1,2.7,0.89,10.64,0.0,22.2
Ministry,PETROLEUM / OIL,30,0.2,2.35,2.0,4.7,0.0,16.7
Ministry,PETROLEUM / ONGC,54,0.3,5.94,0.88,9.52,9.3,18.5
Ministry,POWER,1326,6.9,9.28,0.79,34.34,13.3,28.5
Ministry,POWER / CVPPPL,30,0.2,10.03,0.57,48.38,16.7,20.0
Ministry,POWER / Multi-States (Bihar,15,0.1,17.35,0.25,83.92,20.0,20.0
Ministry,POWER / NHPC,42,0.2,14.51,0.43,58.52,19.0,33.3
Ministry,POWER / NRL,10,0.1,2.31,0.73,6.7,0.0,30.0
Ministry,POWER / NTPC,110,0.6,8.46,3.6,14.36,8.2,40.0
Ministry,POWER / PGCIL,113,0.6,4.84,0.94,22.0,4.4,15.9
Ministry,POWER / SJVN,47,0.2,12.89,2.56,53.67,14.9,42.6
Ministry,RAILWAYS,7809,40.5,7.28,0.82,18.85,6.7,25.6
Ministry,RAILWAYS / CR,77,0.4,32.89,5.28,105.48,33.8,54.5
Ministry,RAILWAYS / ECOR,66,0.3,30.86,2.78,114.33,28.8,43.9
Ministry,RAILWAYS / ECR,62,0.3,34.62,2.92,82.29,25.8,46.8
Ministry,RAILWAYS / ER,20,0.1,40.53,0.9,89.73,30.0,45.0
Ministry,RAILWAYS / IRCON,16,0.1,8.83,1.0,33.18,12.5,25.0
Ministry,RAILWAYS / KOMRCL,10,0.1,72.72,24.67,228.0,50.0,100.0
Ministry,RAILWAYS / MRTP,17,0.1,61.49,29.94,167.29,64.7,70.6
Ministry,RAILWAYS / Multi-States (Andhra Pradesh,88,0.5,11.5,0.33,47.94,13.6,22.7
Ministry,RAILWAYS / Multi-States (Arunachal Pradesh,19,0.1,6.26,3.68,23.38,0.0,47.4
Ministry,RAILWAYS / Multi-States (Assam,16,0.1,18.7,0.42,47.0,37.5,37.5
Ministry,RAILWAYS / Multi-States (Bihar,75,0.4,14.35,0.38,44.98,17.3,29.3
Ministry,RAILWAYS / Multi-States (Chhattisgarh,33,0.2,9.01,0.11,2.75,9.1,9.1
Ministry,RAILWAYS / Multi-States (Goa,16,0.1,23.28,0.87,57.05,18.8,37.5
Ministry,RAILWAYS / Multi-States (Gujarat,32,0.2,12.57,0.39,36.97,12.5,12.5
Ministry,RAILWAYS / Multi-States (Haryana,16,0.1,9.3,0.02,27.12,12.5,12.5
Ministry,RAILWAYS / Multi-States (Jharkhand,28,0.1,11.01,0.05,52.94,14.3,25.0
Ministry,RAILWAYS / Multi-States (Karnataka,13,0.1,13.8,0.35,56.15,15.4,15.4
Ministry,RAILWAYS / Multi-States (Madhya Pradesh,62,0.3,11.86,0.21,42.8,11.3,19.4
Ministry,RAILWAYS / Multi-States (Maharashtra,13,0.1,10.08,0.43,14.87,7.7,23.1
Ministry,RAILWAYS / NCR,37,0.2,27.2,12.09,87.1,40.5,67.6
Ministry,RAILWAYS / NCRTC,20,0.1,14.6,0.36,77.07,15.0,30.0
Ministry,RAILWAYS / NER,30,0.2,26.63,3.19,75.49,33.3,46.7
Ministry,RAILWAYS / NFR,80,0.4,34.93,6.07,101.48,40.0,51.2
Ministry,RAILWAYS / NHSRCL,10,0.1,40.08,11.46,143.88,40.0,50.0
Ministry,RAILWAYS / NR,26,0.1,30.3,21.97,85.84,26.9,76.9
Ministry,RAILWAYS / NWR,47,0.2,24.45,23.0,54.0,25.5,93.6
Ministry,RAILWAYS / RVNL,107,0.6,32.38,2.52,118.71,25.2,42.1
Ministry,RAILWAYS / SCR,70,0.4,27.81,1.13,114.4,30.0,35.7
Ministry,RAILWAYS / SECR,50,0.3,21.9,0.45,87.87,24.0,40.0
Ministry,RAILWAYS / SER,30,0.2,27.11,5.84,90.23,33.3,56.7
Ministry,RAILWAYS / SR,63,0.3,25.02,14.0,85.64,25.4,66.7
Ministry,RAILWAYS / SWR,85,0.4,23.41,5.54,92.71,25.9,51.8
Ministry,RAILWAYS / WCR,10,0.1,20.86,0.64,101.95,20.0,20.0
Ministry,RAILWAYS / WR,90,0.5,28.14,9.22,67.0,34.4,55.6
Ministry,ROAD TRANSPORT AND HIGHWAYS / BRO,28,0.1,1.53,0.76,5.91,0.0,14.3
Ministry,ROAD TRANSPORT AND HIGHWAYS / MoRTH,651,3.4,3.69,1.25,5.48,3.8,11.7
Ministry,ROAD TRANSPORT AND HIGHWAYS / NHAI,1181,6.1,1.97,1.22,4.55,0.0,9.8
Ministry,ROAD TRANSPORT AND HIGHWAYS / NHIDCL,440,2.3,1.94,0.99,5.08,0.0,14.8
Ministry,SHIPPING AND PORTS / IWAI,10,0.1,13.52,0.87,59.85,20.0,30.0
Ministry,STEEL,236,1.2,3.95,0.3,18.69,3.0,19.1
Ministry,STEEL / NMDC,20,0.1,10.37,1.06,33.68,20.0,25.0
Ministry,STEEL / SAIL,10,0.1,7.97,1.56,31.28,20.0,30.0
Ministry,TELECOMMUNICATIONS / BSNL,10,0.1,3.51,1.88,6.1,0.0,30.0
Ministry,URBAN DEVELOPMENT / BMRCL,20,0.1,17.85,0.78,77.62,20.0,25.0
Ministry,URBAN DEVELOPMENT / CPWD,50,0.3,2.64,1.92,4.64,0.0,12.0
Ministry,URBAN DEVELOPMENT / DMRC,10,0.1,0.61,0.68,0.87,0.0,0.0
Ministry,URBAN DEVELOPMENT / LMRCL,17,0.1,8.78,0.71,27.82,11.8,41.2
Ministry,URBAN DEVELOPMENT / MMRCL,10,0.1,17.93,9.22,46.02,30.0,50.0
Ministry,URBAN DEVELOPMENT / MPMRCL,20,0.1,13.14,4.47,50.65,20.0,50.0
Ministry,URBAN DEVELOPMENT / NCRTC,10,0.1,16.15,1.34,74.05,20.0,20.0
Ministry,URBAN DEVELOPMENT / PATNA METRO RAI,10,0.1,24.76,3.22,95.33,30.0,40.0
Ministry,WATER RESOURCES,400,2.1,23.47,0.95,127.83,18.2,30.0
Ministry,WATER RESOURCES / BUIDCO,54,0.3,11.96,2.54,41.84,20.4,44.4
Ministry,WATER RESOURCES / KMDA,25,0.1,2.77,0.78,6.74,4.0,12.0
Ministry,WATER RESOURCES / PPA,10,0.1,42.06,22.13,108.99,30.0,80.0
Ministry,WATER RESOURCES / UPJalNigam,14,0.1,3.44,0.95,13.22,0.0,21.4
Agency,AAI,84,0.4,8.44,1.41,33.22,14.3,25.0
Agency,Airport Authority of India [AAI],16,0.1,5.01,0.14,16.94,0.0,25.0
Agency,BCCL,40,0.2,12.7,1.19,40.73,15.0,42.5
Agency,BMRCL,20,0.1,17.85,0.78,77.62,20.0,25.0
Agency,BPCL,48,0.2,5.97,1.66,15.97,8.3,18.8
Agency,BRO,28,0.1,1.53,0.76,5.91,0.0,14.3
Agency,BSNL,10,0.1,3.51,1.88,6.1,0.0,30.0
Agency,BUIDCO,54,0.3,11.96,2.54,41.84,20.4,44.4
Agency,CCL,118,0.6,18.25,0.18,89.04,19.5,20.3
Agency,CIVIL AVIATION,198,1.0,6.31,0.72,16.33,8.1,13.6
Agency,COAL,1715,8.9,11.65,0.07,51.68,14.3,22.7
Agency,CPCL,10,0.1,11.97,1.17,37.19,30.0,30.0
Agency,CPWD,63,0.3,2.4,1.78,4.18,0.0,9.5
Agency,CPWD EDUCATION,61,0.3,5.96,1.88,24.88,6.6,24.6
Agency,CPWD FOR HEALTH,12,0.1,22.47,0.74,60.0,33.3,41.7
Agency,CPWD FOR MHA,20,0.1,0.86,0.72,1.28,0.0,0.0
Agency,CR,77,0.4,32.89,5.28,105.48,33.8,54.5
Agency,CVPPPL,30,0.2,10.03,0.57,48.38,16.7,20.0
Agency,DMRC,10,0.1,0.61,0.68,0.87,0.0,0.0
Agency,ECL,84,0.4,22.71,1.58,90.04,21.4,38.1
Agency,ECOR,66,0.3,30.86,2.78,114.33,28.8,43.9
Agency,ECR,62,0.3,34.62,2.92,82.29,25.8,46.8
Agency,ER,20,0.1,40.53,0.9,89.73,30.0,45.0
Agency,FINANCE,13,0.1,3.41,3.27,4.56,0.0,15.4
Agency,GAIL,55,0.3,3.22,0.57,6.09,3.6,20.0
Agency,HITES,17,0.1,8.31,1.96,22.52,5.9,29.4
Agency,HPCL,87,0.5,5.65,0.66,24.0,6.9,18.4
Agency,IOCL,283,1.5,3.82,0.59,7.21,2.1,18.7
Agency,IRCON,16,0.1,8.83,1.0,33.18,12.5,25.0
Agency,IWAI,10,0.1,13.52,0.87,59.85,20.0,30.0
Agency,KMDA,25,0.1,2.77,0.78,6.74,4.0,12.0
Agency,KOMRCL,10,0.1,72.72,24.67,228.0,50.0,100.0
Agency,LMRCL,17,0.1,8.78,0.71,27.82,11.8,41.2
Agency,MCL,81,0.4,17.26,0.37,94.24,16.0,19.8
Agency,MEGA,14,0.1,4.18,6.07,6.85,0.0,64.3
Agency,MINES,49,0.3,8.37,0.13,20.65,10.2,12.2
Agency,MINISTRY OF HOUSING & URBAN AFFAIRS,650,3.4,12.25,0.78,50.57,19.4,27.5
Agency,MMRCL,10,0.1,17.93,9.22,46.02,30.0,50.0
Agency,MPMRCL,20,0.1,13.14,4.47,50.65,20.0,50.0
Agency,MRTP,17,0.1,61.49,29.94,167.29,64.7,70.6
Agency,MoRTH,651,3.4,3.69,1.25,5.48,3.8,11.7
Agency,Multi-States (Andhra Pradesh,116,0.6,9.97,0.33,35.94,12.1,23.3
Agency,Multi-States (Arunachal Pradesh,35,0.2,9.52,2.98,37.62,11.4,40.0
Agency,Multi-States (Assam,24,0.1,15.5,1.87,46.46,29.2,41.7
Agency,Multi-States (Bihar,111,0.6,12.69,0.44,44.98,14.4,25.2
Agency,Multi-States (Chhattisgarh,40,0.2,9.52,0.22,36.52,12.5,12.5
Agency,Multi-States (Delhi,17,0.1,10.21,2.97,18.19,5.9,35.3
Agency,Multi-States (Goa,16,0.1,23.28,0.87,57.05,18.8,37.5
Agency,Multi-States (Gujarat,64,0.3,18.45,0.76,50.06,21.9,26.6
Agency,Multi-States (Haryana,32,0.2,7.0,0.04,25.37,12.5,12.5
Agency,Multi-States (Jharkhand,34,0.2,12.61,0.05,56.94,14.7,23.5
Agency,Multi-States (Karnataka,45,0.2,12.26,0.55,41.36,20.0,31.1
Agency,Multi-States (Madhya Pradesh,102,0.5,9.14,0.12,24.91,9.8,17.6
Agency,Multi-States (Maharashtra,13,0.1,10.08,0.43,14.87,7.7,23.1
Agency,Multi-States (Rajasthan,16,0.1,4.97,2.93,14.86,0.0,31.2
Agency,NALCO,10,0.1,19.26,1.83,87.89,20.0,30.0
Agency,NCL,37,0.2,13.36,1.45,43.38,21.6,43.2
Agency,NCR,37,0.2,27.2,12.09,87.1,40.5,67.6
Agency,NCRTC,30,0.2,15.12,0.7,76.09,16.7,26.7
Agency,NER,30,0.2,26.63,3.19,75.49,33.3,46.7
Agency,NFR,80,0.4,34.93,6.07,101.48,40.0,51.2
Agency,NHAI,1181,6.1,1.97,1.22,4.55,0.0,9.8
Agency,NHIDCL,440,2.3,1.94,0.99,5.08,0.0,14.8
Agency,NHPC,42,0.2,14.51,0.43,58.52,19.0,33.3
Agency,NHSRCL,10,0.1,40.08,11.46,143.88,40.0,50.0
Agency,NLC,26,0.1,8.23,0.4,10.86,7.7,15.4
Agency,NMDC,20,0.1,10.37,1.06,33.68,20.0,25.0
Agency,NR,26,0.1,30.3,21.97,85.84,26.9,76.9
Agency,NRL,28,0.1,2.56,0.77,7.93,0.0,25.0
Agency,NTPC,110,0.6,8.46,3.6,14.36,8.2,40.0
Agency,NWR,47,0.2,24.45,23.0,54.0,25.5,93.6
Agency,OIL,30,0.2,2.35,2.0,4.7,0.0,16.7
Agency,ONGC,54,0.3,5.94,0.88,9.52,9.3,18.5
Agency,PATNA METRO RAI,10,0.1,24.76,3.22,95.33,30.0,40.0
Agency,PETROLEUM,490,2.5,5.67,0.39,23.28,7.1,16.9
Agency,PGCIL,113,0.6,4.84,0.94,22.0,4.4,15.9
Agency,POWER,1326,6.9,9.28,0.79,34.34,13.3,28.5
Agency,PPA,10,0.1,42.06,22.13,108.99,30.0,80.0
Agency,RAILWAYS,7809,40.5,7.28,0.82,18.85,6.7,25.6
Agency,RITES OF HIGHER,10,0.1,11.97,1.18,18.99,10.0,30.0
Agency,RVNL,107,0.6,32.38,2.52,118.71,25.2,42.1
Agency,SAIL,10,0.1,7.97,1.56,31.28,20.0,30.0
Agency,SCCL,87,0.5,14.1,3.95,50.68,21.8,44.8
Agency,SCR,70,0.4,27.81,1.13,114.4,30.0,35.7
Agency,SECL,121,0.6,19.76,0.75,78.34,22.3,28.9
Agency,SECR,50,0.3,21.9,0.45,87.87,24.0,40.0
Agency,SER,30,0.2,27.11,5.84,90.23,33.3,56.7
Agency,SJVN,47,0.2,12.89,2.56,53.67,14.9,42.6
Agency,SR,63,0.3,25.02,14.0,85.64,25.4,66.7
Agency,STEEL,236,1.2,3.95,0.3,18.69,3.0,19.1
Agency,SWR,85,0.4,23.41,5.54,92.71,25.9,51.8
Agency,Sikkim Universi,10,0.1,10.33,1.87,43.4,20.0,30.0
Agency,UPJalNigam,14,0.1,3.44,0.95,13.22,0.0,21.4
Agency,WATER RESOURCES,400,2.1,23.47,0.95,127.83,18.2,30.0
Agency,WCL,185,1.0,13.7,0.37,68.33,18.4,22.2
Agency,WCR,10,0.1,20.86,0.64,101.95,20.0,20.0
Agency,WR,90,0.5,28.14,9.22,67.0,34.4,55.6
Project Size,Small (Q1),4827,25.0,6.93,0.91,19.73,7.5,22.0
Project Size,Medium (Q2),4825,25.0,8.69,0.99,26.16,9.7,25.9
Project Size,Large (Q3),4823,25.0,8.59,0.75,21.57,8.6,23.9
Project Size,Mega (Q4),4818,25.0,13.28,0.69,46.5,14.2,28.2
Current Delay,No Delay (<=0),5726,29.7,13.46,0.65,48.82,15.5,28.2
Current Delay,Minor (1-12m),2276,11.8,9.08,1.13,22.13,7.9,22.8
Current Delay,Moderate (13-36m),4982,25.8,7.27,1.21,19.87,7.1,28.1
Current Delay,High (37-72m),3681,19.1,7.67,0.95,24.34,9.3,23.4
Current Delay,Severe (>72m),2628,13.6,7.09,0.26,11.98,6.6,16.4
Delay Trend,Recovering (<0),887,4.6,39.6,15.29,106.79,42.4,66.5
Delay Trend,Stable (0),9422,48.8,9.7,0.74,31.67,11.1,22.6
Delay Trend,Moderate Increase (0-1),2981,15.5,6.43,1.47,18.61,6.1,26.4
Delay Trend,Rapid Slippage (>1),6003,31.1,5.85,0.37,14.91,5.5,22.0
Schedule Revisions,0 Revisions,5240,27.2,11.27,0.48,39.83,13.5,23.1
Schedule Revisions,1 Revision,14053,72.8,8.66,1.06,23.03,8.7,25.7
Milestone Instability,Slight (1-3m),1455,7.5,18.56,0.31,57.47,22.3,35.3
Milestone Instability,Moderate (4-6m),1493,7.7,4.65,0.29,5.94,4.4,11.8
Milestone Instability,Chronic (>6m),16345,84.7,8.99,0.95,24.89,9.4,25.3
Reporting Gaps,Brief Gap (1m),17182,89.1,9.59,0.78,29.29,10.3,24.2
Reporting Gaps,Medium Gap (2-3m),1520,7.9,5.62,1.04,10.48,5.3,17.1
Reporting Gaps,Severe Gap (>3m),591,3.1,12.73,8.94,30.17,12.4,67.7
Trajectory Completeness,Sparse (<=12m),5343,27.7,8.13,0.35,24.0,9.0,19.6
Trajectory Completeness,Developing (13-36m),7543,39.1,7.63,0.99,19.97,7.5,26.1
Trajectory Completeness,Mature (37-72m),3599,18.7,8.32,1.23,25.33,9.6,23.8
Trajectory Completeness,Extensive (>72m),2808,14.6,17.77,1.66,62.75,19.2,34.0
Historical Similarity,Low Historical Delay,2874,14.9,8.93,0.61,23.79,8.9,21.9
Historical Similarity,Moderate Historical Delay,2938,15.2,10.37,0.67,30.13,10.6,22.4
Historical Similarity,High Historical Delay,6626,34.3,9.31,0.97,27.97,10.2,28.9
Historical Similarity,Extreme Historical Delay,6855,35.5,9.19,0.92,27.89,10.0,23.7
