Feature,Importance,Target
anticipated_cost_crore,0.3954276,future_anticipated_cost_3m
revised_cost_crore,0.23076822,future_anticipated_cost_3m
ministry_department,0.071444415,future_anticipated_cost_3m
original_duration_months,0.058005985,future_anticipated_cost_3m
original_cost_crore,0.057871357,future_anticipated_cost_3m
state,0.014507041,future_anticipated_cost_3m
project_age_months,0.014278306,future_anticipated_cost_3m
sector,0.01386221,future_anticipated_cost_3m
is_active_status,0.011835352,future_anticipated_cost_3m
expenditure_ratio_pct,0.011231041,future_anticipated_cost_3m
cost_overrun_roll_mean_6m,0.0075023253,future_anticipated_cost_3m
cost_overrun_roll_mean_3m,0.0070044645,future_anticipated_cost_3m
historical_cost_escalations_count,0.006189811,future_anticipated_cost_3m
progress_roll_mean_6m,0.0061030705,future_anticipated_cost_3m
cost_escalation_crore,0.0059102597,future_anticipated_cost_3m
cost_overrun_pct,0.0046661766,future_anticipated_cost_3m
snapshot_history_count,0.0046051363,future_anticipated_cost_3m
progress_lag2,0.004488965,future_anticipated_cost_3m
physical_financial_gap,0.0044248453,future_anticipated_cost_3m
consecutive_stagnant_months,0.0036379397,future_anticipated_cost_3m
progress_lag3,0.0035752412,future_anticipated_cost_3m
progress_roll_mean_3m,0.0035711762,future_anticipated_cost_3m
cumulative_expenditure_crore,0.0035693205,future_anticipated_cost_3m
progress_lag1,0.0035325345,future_anticipated_cost_3m
delay_delta_3m,0.0034573772,future_anticipated_cost_3m
milestone_ratio,0.0031301202,future_anticipated_cost_3m
historical_delay_events_count,0.0025842756,future_anticipated_cost_3m
delay_lag2,0.002516712,future_anticipated_cost_3m
cost_overrun_lag1,0.002271016,future_anticipated_cost_3m
physical_progress_pct,0.002255323,future_anticipated_cost_3m
cost_overrun_lag3,0.0022353968,future_anticipated_cost_3m
delay_roll_mean_3m,0.0020177267,future_anticipated_cost_3m
expenditure_roll_mean_3m,0.00199114,future_anticipated_cost_3m
progress_delta_3m,0.0018731771,future_anticipated_cost_3m
expenditure_delta_1m,0.0018587208,future_anticipated_cost_3m
expenditure_lag1,0.0017901844,future_anticipated_cost_3m
cost_overrun_delta_3m,0.0016799443,future_anticipated_cost_3m
delay_roll_std_6m,0.0016322992,future_anticipated_cost_3m
schedule_extension_months,0.0015895239,future_anticipated_cost_3m
delay_lag1,0.0015842684,future_anticipated_cost_3m
progress_roll_std_3m,0.0015036918,future_anticipated_cost_3m
remaining_work_pct,0.0015033538,future_anticipated_cost_3m
delay_roll_mean_6m,0.0014286303,future_anticipated_cost_3m
cost_overrun_lag2,0.0013072895,future_anticipated_cost_3m
expenditure_delta_3m,0.0011880235,future_anticipated_cost_3m
delay_lag3,0.0011099126,future_anticipated_cost_3m
progress_delta_1m,0.0010737724,future_anticipated_cost_3m
progress_accel,0.0010501009,future_anticipated_cost_3m
delay_roll_std_3m,0.00092129887,future_anticipated_cost_3m
delay_accel,0.0008757523,future_anticipated_cost_3m
reporting_gap_months,0.0008090608,future_anticipated_cost_3m
milestones_total,0.00079132227,future_anticipated_cost_3m
milestones_achieved,0.00076475105,future_anticipated_cost_3m
cost_overrun_roll_std_6m,0.0007188,future_anticipated_cost_3m
cost_overrun_delta_1m,0.00071233045,future_anticipated_cost_3m
delay_delta_1m,0.00070776447,future_anticipated_cost_3m
cost_overrun_accel,0.00061406486,future_anticipated_cost_3m
cost_overrun_roll_std_3m,0.00044002748,future_anticipated_cost_3m
delay_roll_mean_3m,0.3222832,future_delay_months_3m
schedule_extension_months,0.25372368,future_delay_months_3m
delay_roll_mean_6m,0.09461033,future_delay_months_3m
sector,0.027693965,future_delay_months_3m
project_age_months,0.026391642,future_delay_months_3m
progress_roll_mean_3m,0.018345824,future_delay_months_3m
delay_lag1,0.012344801,future_delay_months_3m
cost_overrun_pct,0.012151063,future_delay_months_3m
physical_financial_gap,0.011910885,future_delay_months_3m
snapshot_history_count,0.010270463,future_delay_months_3m
ministry_department,0.009754485,future_delay_months_3m
physical_progress_pct,0.008806662,future_delay_months_3m
consecutive_stagnant_months,0.00856816,future_delay_months_3m
progress_lag3,0.008303769,future_delay_months_3m
progress_roll_mean_6m,0.008206239,future_delay_months_3m
cost_escalation_crore,0.008139109,future_delay_months_3m
cost_overrun_roll_std_6m,0.007655149,future_delay_months_3m
original_duration_months,0.0071025244,future_delay_months_3m
historical_delay_events_count,0.006984571,future_delay_months_3m
delay_lag3,0.00697011,future_delay_months_3m
expenditure_roll_mean_3m,0.006875892,future_delay_months_3m
delay_delta_1m,0.006795814,future_delay_months_3m
progress_lag1,0.0063891527,future_delay_months_3m
original_cost_crore,0.006286863,future_delay_months_3m
delay_roll_std_6m,0.0062194085,future_delay_months_3m
cost_overrun_delta_3m,0.005691884,future_delay_months_3m
progress_lag2,0.005567348,future_delay_months_3m
cost_overrun_roll_mean_3m,0.0055518216,future_delay_months_3m
cost_overrun_roll_mean_6m,0.0055347844,future_delay_months_3m
cost_overrun_lag1,0.005470001,future_delay_months_3m
is_active_status,0.0052779503,future_delay_months_3m
delay_lag2,0.005208789,future_delay_months_3m
cumulative_expenditure_crore,0.0047514574,future_delay_months_3m
milestones_total,0.004569282,future_delay_months_3m
reporting_gap_months,0.004042044,future_delay_months_3m
delay_delta_3m,0.003968549,future_delay_months_3m
expenditure_ratio_pct,0.003895838,future_delay_months_3m
anticipated_cost_crore,0.003824682,future_delay_months_3m
expenditure_delta_1m,0.0038011905,future_delay_months_3m
cost_overrun_lag2,0.0036691958,future_delay_months_3m
cost_overrun_delta_1m,0.0034701894,future_delay_months_3m
expenditure_delta_3m,0.0032167037,future_delay_months_3m
state,0.0031044225,future_delay_months_3m
delay_accel,0.0029614347,future_delay_months_3m
revised_cost_crore,0.002950834,future_delay_months_3m
historical_cost_escalations_count,0.0023302732,future_delay_months_3m
expenditure_lag1,0.0020787765,future_delay_months_3m
delay_roll_std_3m,0.001959674,future_delay_months_3m
progress_roll_std_3m,0.0015656592,future_delay_months_3m
cost_overrun_roll_std_3m,0.0014842743,future_delay_months_3m
cost_overrun_lag3,0.001269266,future_delay_months_3m
cost_overrun_accel,0.0,future_delay_months_3m
progress_delta_3m,0.0,future_delay_months_3m
progress_accel,0.0,future_delay_months_3m
remaining_work_pct,0.0,future_delay_months_3m
milestones_achieved,0.0,future_delay_months_3m
milestone_ratio,0.0,future_delay_months_3m
progress_delta_1m,0.0,future_delay_months_3m
cost_escalation_crore,0.2166087,target_cost_escalation_risk_3m
cost_overrun_roll_mean_6m,0.06472055,target_cost_escalation_risk_3m
cost_overrun_roll_std_6m,0.057370786,target_cost_escalation_risk_3m
cost_overrun_roll_std_3m,0.054922137,target_cost_escalation_risk_3m
cost_overrun_roll_mean_3m,0.050827164,target_cost_escalation_risk_3m
cost_overrun_pct,0.04147244,target_cost_escalation_risk_3m
cost_overrun_lag1,0.03651901,target_cost_escalation_risk_3m
historical_cost_escalations_count,0.032333333,target_cost_escalation_risk_3m
cost_overrun_delta_3m,0.028498726,target_cost_escalation_risk_3m
ministry_department,0.020625278,target_cost_escalation_risk_3m
project_age_months,0.017088398,target_cost_escalation_risk_3m
sector,0.01653995,target_cost_escalation_risk_3m
revised_cost_crore,0.0136794,target_cost_escalation_risk_3m
physical_financial_gap,0.0135449385,target_cost_escalation_risk_3m
historical_delay_events_count,0.011967352,target_cost_escalation_risk_3m
consecutive_stagnant_months,0.011166475,target_cost_escalation_risk_3m
expenditure_roll_mean_3m,0.011050593,target_cost_escalation_risk_3m
anticipated_cost_crore,0.010817776,target_cost_escalation_risk_3m
progress_roll_mean_6m,0.010735893,target_cost_escalation_risk_3m
expenditure_ratio_pct,0.010732638,target_cost_escalation_risk_3m
original_duration_months,0.010391409,target_cost_escalation_risk_3m
progress_lag3,0.01034816,target_cost_escalation_risk_3m
expenditure_lag1,0.010177387,target_cost_escalation_risk_3m
is_active_status,0.010151182,target_cost_escalation_risk_3m
reporting_gap_months,0.010097951,target_cost_escalation_risk_3m
physical_progress_pct,0.009733885,target_cost_escalation_risk_3m
cost_overrun_lag2,0.009581951,target_cost_escalation_risk_3m
progress_delta_1m,0.009348916,target_cost_escalation_risk_3m
progress_lag2,0.009159923,target_cost_escalation_risk_3m
delay_roll_std_6m,0.008900489,target_cost_escalation_risk_3m
progress_roll_mean_3m,0.008880679,target_cost_escalation_risk_3m
snapshot_history_count,0.008824944,target_cost_escalation_risk_3m
original_cost_crore,0.008646636,target_cost_escalation_risk_3m
cost_overrun_delta_1m,0.008212641,target_cost_escalation_risk_3m
delay_roll_mean_6m,0.008114335,target_cost_escalation_risk_3m
delay_roll_std_3m,0.007922196,target_cost_escalation_risk_3m
progress_delta_3m,0.007504651,target_cost_escalation_risk_3m
state,0.007482358,target_cost_escalation_risk_3m
delay_roll_mean_3m,0.007476671,target_cost_escalation_risk_3m
expenditure_delta_3m,0.0072256513,target_cost_escalation_risk_3m
milestones_total,0.0070725195,target_cost_escalation_risk_3m
cumulative_expenditure_crore,0.0065515153,target_cost_escalation_risk_3m
milestone_ratio,0.006547639,target_cost_escalation_risk_3m
progress_lag1,0.0059765177,target_cost_escalation_risk_3m
delay_lag3,0.0058770697,target_cost_escalation_risk_3m
delay_delta_3m,0.005579304,target_cost_escalation_risk_3m
milestones_achieved,0.005221625,target_cost_escalation_risk_3m
delay_delta_1m,0.0051907185,target_cost_escalation_risk_3m
delay_lag1,0.0051206793,target_cost_escalation_risk_3m
progress_roll_std_3m,0.0050753364,target_cost_escalation_risk_3m
expenditure_delta_1m,0.0050289384,target_cost_escalation_risk_3m
cost_overrun_lag3,0.0045258435,target_cost_escalation_risk_3m
schedule_extension_months,0.004524238,target_cost_escalation_risk_3m
cost_overrun_accel,0.0044809976,target_cost_escalation_risk_3m
remaining_work_pct,0.0042084684,target_cost_escalation_risk_3m
delay_lag2,0.0040347613,target_cost_escalation_risk_3m
delay_accel,0.0035671445,target_cost_escalation_risk_3m
progress_accel,0.0020131133,target_cost_escalation_risk_3m
delay_roll_mean_6m,0.20919226,target_schedule_delay_risk_3m
historical_delay_events_count,0.07570633,target_schedule_delay_risk_3m
cost_overrun_pct,0.03986831,target_schedule_delay_risk_3m
delay_roll_std_6m,0.03644978,target_schedule_delay_risk_3m
expenditure_roll_mean_3m,0.034820125,target_schedule_delay_risk_3m
expenditure_lag1,0.027868146,target_schedule_delay_risk_3m
original_duration_months,0.022951838,target_schedule_delay_risk_3m
is_active_status,0.02241744,target_schedule_delay_risk_3m
ministry_department,0.021908376,target_schedule_delay_risk_3m
schedule_extension_months,0.020811003,target_schedule_delay_risk_3m
progress_lag3,0.019024597,target_schedule_delay_risk_3m
delay_delta_3m,0.017582757,target_schedule_delay_risk_3m
delay_roll_mean_3m,0.017278152,target_schedule_delay_risk_3m
snapshot_history_count,0.017107014,target_schedule_delay_risk_3m
cost_overrun_roll_mean_3m,0.016855871,target_schedule_delay_risk_3m
project_age_months,0.016572464,target_schedule_delay_risk_3m
progress_roll_mean_6m,0.016525952,target_schedule_delay_risk_3m
delay_lag2,0.015839348,target_schedule_delay_risk_3m
expenditure_delta_3m,0.015634036,target_schedule_delay_risk_3m
remaining_work_pct,0.015591116,target_schedule_delay_risk_3m
cost_escalation_crore,0.015255057,target_schedule_delay_risk_3m
sector,0.015008994,target_schedule_delay_risk_3m
cumulative_expenditure_crore,0.014244504,target_schedule_delay_risk_3m
milestones_total,0.013422648,target_schedule_delay_risk_3m
physical_progress_pct,0.012879432,target_schedule_delay_risk_3m
consecutive_stagnant_months,0.012376158,target_schedule_delay_risk_3m
cost_overrun_roll_std_3m,0.011068038,target_schedule_delay_risk_3m
cost_overrun_delta_3m,0.0109166885,target_schedule_delay_risk_3m
state,0.010407789,target_schedule_delay_risk_3m
expenditure_ratio_pct,0.010264669,target_schedule_delay_risk_3m
progress_roll_mean_3m,0.009636599,target_schedule_delay_risk_3m
delay_delta_1m,0.009548067,target_schedule_delay_risk_3m
delay_lag1,0.009477356,target_schedule_delay_risk_3m
delay_roll_std_3m,0.009181854,target_schedule_delay_risk_3m
progress_lag1,0.009034021,target_schedule_delay_risk_3m
anticipated_cost_crore,0.008852267,target_schedule_delay_risk_3m
revised_cost_crore,0.008663993,target_schedule_delay_risk_3m
reporting_gap_months,0.0084773395,target_schedule_delay_risk_3m
cost_overrun_roll_mean_6m,0.008476303,target_schedule_delay_risk_3m
progress_lag2,0.008437039,target_schedule_delay_risk_3m
milestone_ratio,0.008214917,target_schedule_delay_risk_3m
delay_lag3,0.008041418,target_schedule_delay_risk_3m
original_cost_crore,0.007840493,target_schedule_delay_risk_3m
cost_overrun_lag3,0.0078038936,target_schedule_delay_risk_3m
cost_overrun_lag2,0.007671482,target_schedule_delay_risk_3m
physical_financial_gap,0.007369152,target_schedule_delay_risk_3m
historical_cost_escalations_count,0.0067151138,target_schedule_delay_risk_3m
progress_roll_std_3m,0.0066116224,target_schedule_delay_risk_3m
cost_overrun_roll_std_6m,0.0059786285,target_schedule_delay_risk_3m
milestones_achieved,0.0059414348,target_schedule_delay_risk_3m
cost_overrun_lag1,0.005492204,target_schedule_delay_risk_3m
progress_delta_1m,0.005222278,target_schedule_delay_risk_3m
delay_accel,0.0051003583,target_schedule_delay_risk_3m
progress_delta_3m,0.004296698,target_schedule_delay_risk_3m
expenditure_delta_1m,0.004234149,target_schedule_delay_risk_3m
cost_overrun_delta_1m,0.0029461798,target_schedule_delay_risk_3m
cost_overrun_accel,0.0025181484,target_schedule_delay_risk_3m
progress_accel,0.0023680076,target_schedule_delay_risk_3m
cost_escalation_crore,0.14145039,additional_cost_overrun_pct_3m
cost_overrun_roll_mean_6m,0.0807652,additional_cost_overrun_pct_3m
historical_cost_escalations_count,0.06257961,additional_cost_overrun_pct_3m
cost_overrun_lag3,0.046447426,additional_cost_overrun_pct_3m
cost_overrun_roll_mean_3m,0.04267755,additional_cost_overrun_pct_3m
expenditure_roll_mean_3m,0.03637017,additional_cost_overrun_pct_3m
cost_overrun_lag2,0.035849165,additional_cost_overrun_pct_3m
sector,0.035162766,additional_cost_overrun_pct_3m
revised_cost_crore,0.031830277,additional_cost_overrun_pct_3m
consecutive_stagnant_months,0.031691354,additional_cost_overrun_pct_3m
snapshot_history_count,0.030017039,additional_cost_overrun_pct_3m
progress_roll_mean_3m,0.029078336,additional_cost_overrun_pct_3m
original_cost_crore,0.027635088,additional_cost_overrun_pct_3m
progress_roll_mean_6m,0.025249835,additional_cost_overrun_pct_3m
cost_overrun_delta_1m,0.024736261,additional_cost_overrun_pct_3m
delay_roll_mean_6m,0.020188564,additional_cost_overrun_pct_3m
cost_overrun_roll_std_3m,0.018578473,additional_cost_overrun_pct_3m
cost_overrun_pct,0.01837663,additional_cost_overrun_pct_3m
cumulative_expenditure_crore,0.018172985,additional_cost_overrun_pct_3m
cost_overrun_lag1,0.017411027,additional_cost_overrun_pct_3m
expenditure_ratio_pct,0.016498243,additional_cost_overrun_pct_3m
ministry_department,0.0152607765,additional_cost_overrun_pct_3m
physical_progress_pct,0.014758825,additional_cost_overrun_pct_3m
expenditure_lag1,0.013984185,additional_cost_overrun_pct_3m
physical_financial_gap,0.013676178,additional_cost_overrun_pct_3m
delay_lag1,0.013017284,additional_cost_overrun_pct_3m
project_age_months,0.010740393,additional_cost_overrun_pct_3m
cost_overrun_delta_3m,0.009537237,additional_cost_overrun_pct_3m
delay_roll_mean_3m,0.00778367,additional_cost_overrun_pct_3m
cost_overrun_roll_std_6m,0.0073100072,additional_cost_overrun_pct_3m
delay_lag3,0.006844145,additional_cost_overrun_pct_3m
expenditure_delta_3m,0.0067447475,additional_cost_overrun_pct_3m
progress_lag3,0.0063296626,additional_cost_overrun_pct_3m
milestones_achieved,0.0060395496,additional_cost_overrun_pct_3m
historical_delay_events_count,0.0059255343,additional_cost_overrun_pct_3m
schedule_extension_months,0.00554453,additional_cost_overrun_pct_3m
delay_delta_3m,0.005191775,additional_cost_overrun_pct_3m
state,0.0049571963,additional_cost_overrun_pct_3m
delay_lag2,0.0047203763,additional_cost_overrun_pct_3m
delay_roll_std_3m,0.004701344,additional_cost_overrun_pct_3m
expenditure_delta_1m,0.0046248836,additional_cost_overrun_pct_3m
is_active_status,0.0045935907,additional_cost_overrun_pct_3m
milestones_total,0.004132633,additional_cost_overrun_pct_3m
remaining_work_pct,0.0040813447,additional_cost_overrun_pct_3m
reporting_gap_months,0.0033625902,additional_cost_overrun_pct_3m
progress_lag2,0.0032308134,additional_cost_overrun_pct_3m
anticipated_cost_crore,0.003198347,additional_cost_overrun_pct_3m
cost_overrun_accel,0.0031014362,additional_cost_overrun_pct_3m
delay_delta_1m,0.0030102343,additional_cost_overrun_pct_3m
delay_roll_std_6m,0.0026455836,additional_cost_overrun_pct_3m
original_duration_months,0.0025479496,additional_cost_overrun_pct_3m
progress_lag1,0.0022167135,additional_cost_overrun_pct_3m
delay_accel,0.0019022161,additional_cost_overrun_pct_3m
progress_delta_1m,0.0017347538,additional_cost_overrun_pct_3m
progress_delta_3m,0.0011033324,additional_cost_overrun_pct_3m
progress_roll_std_3m,0.0006797944,additional_cost_overrun_pct_3m
milestone_ratio,0.0,additional_cost_overrun_pct_3m
progress_accel,0.0,additional_cost_overrun_pct_3m
snapshot_history_count,0.07574201,additional_delay_months_3m
original_duration_months,0.05204938,additional_delay_months_3m
delay_roll_mean_6m,0.041730583,additional_delay_months_3m
cost_overrun_roll_mean_3m,0.041319966,additional_delay_months_3m
delay_delta_3m,0.04032581,additional_delay_months_3m
physical_financial_gap,0.035624858,additional_delay_months_3m
delay_roll_mean_3m,0.035403885,additional_delay_months_3m
cost_overrun_pct,0.032332566,additional_delay_months_3m
delay_roll_std_6m,0.029234556,additional_delay_months_3m
progress_delta_3m,0.028978178,additional_delay_months_3m
schedule_extension_months,0.028653929,additional_delay_months_3m
historical_delay_events_count,0.028262302,additional_delay_months_3m
project_age_months,0.02703747,additional_delay_months_3m
expenditure_roll_mean_3m,0.024264188,additional_delay_months_3m
progress_roll_mean_6m,0.02376323,additional_delay_months_3m
cost_overrun_roll_std_6m,0.021113766,additional_delay_months_3m
delay_delta_1m,0.020257782,additional_delay_months_3m
progress_lag3,0.018187597,additional_delay_months_3m
cost_overrun_roll_mean_6m,0.018049667,additional_delay_months_3m
is_active_status,0.017971678,additional_delay_months_3m
reporting_gap_months,0.017679762,additional_delay_months_3m
delay_roll_std_3m,0.01708462,additional_delay_months_3m
historical_cost_escalations_count,0.01670971,additional_delay_months_3m
delay_lag1,0.01620953,additional_delay_months_3m
progress_lag1,0.016026363,additional_delay_months_3m
cost_overrun_delta_1m,0.016015159,additional_delay_months_3m
original_cost_crore,0.015314717,additional_delay_months_3m
sector,0.015166547,additional_delay_months_3m
progress_lag2,0.014995048,additional_delay_months_3m
expenditure_ratio_pct,0.01344692,additional_delay_months_3m
expenditure_delta_1m,0.013226717,additional_delay_months_3m
ministry_department,0.013172407,additional_delay_months_3m
milestones_total,0.012627322,additional_delay_months_3m
milestones_achieved,0.012502321,additional_delay_months_3m
consecutive_stagnant_months,0.011950586,additional_delay_months_3m
cumulative_expenditure_crore,0.011746714,additional_delay_months_3m
expenditure_delta_3m,0.011647324,additional_delay_months_3m
state,0.010671177,additional_delay_months_3m
anticipated_cost_crore,0.010147043,additional_delay_months_3m
cost_overrun_roll_std_3m,0.009364283,additional_delay_months_3m
delay_lag3,0.009200951,additional_delay_months_3m
delay_accel,0.008995839,additional_delay_months_3m
milestone_ratio,0.00894236,additional_delay_months_3m
cost_overrun_lag3,0.0087423185,additional_delay_months_3m
cost_escalation_crore,0.007313692,additional_delay_months_3m
delay_lag2,0.0072956122,additional_delay_months_3m
cost_overrun_lag1,0.007283994,additional_delay_months_3m
cost_overrun_delta_3m,0.007202176,additional_delay_months_3m
revised_cost_crore,0.0044610747,additional_delay_months_3m
cost_overrun_accel,0.003881279,additional_delay_months_3m
expenditure_lag1,0.0037319257,additional_delay_months_3m
physical_progress_pct,0.0027057603,additional_delay_months_3m
progress_roll_std_3m,0.0023991663,additional_delay_months_3m
cost_overrun_lag2,0.0012847596,additional_delay_months_3m
progress_roll_mean_3m,0.00055139494,additional_delay_months_3m
progress_delta_1m,0.0,additional_delay_months_3m
remaining_work_pct,0.0,additional_delay_months_3m
progress_accel,0.0,additional_delay_months_3m
