Task,Target,Type,Model,ROC_AUC,PR_AUC,F1_Score,Precision,Recall,MAE,RMSE,R2,MedAE
Future Anticipated Cost (3M),future_anticipated_cost_3m,Regression,Old XGBoost (Static),,,,,,255.5547,1926.1867,0.8399,22.3182
Future Anticipated Cost (3M),future_anticipated_cost_3m,Regression,New XGBoost (Project-History-Aware),,,,,,272.7296,2096.6017,0.8103,24.61
Future Schedule Delay (3M),future_delay_months_3m,Regression,Old XGBoost (Static),,,,,,11.4358,25.4032,0.6524,3.6965
Future Schedule Delay (3M),future_delay_months_3m,Regression,New XGBoost (Project-History-Aware),,,,,,10.6586,22.2563,0.7332,3.5743
Cost Escalation Risk (3M),target_cost_escalation_risk_3m,Classification,Old XGBoost (Static),0.8813,0.7231,0.7026,0.7467,0.6634,,,,
Cost Escalation Risk (3M),target_cost_escalation_risk_3m,Classification,New XGBoost (Project-History-Aware),0.8995,0.7609,0.7146,0.7948,0.6491,,,,
Schedule Delay Risk (3M),target_schedule_delay_risk_3m,Classification,Old XGBoost (Static),0.7346,0.5193,0.5332,0.4409,0.6744,,,,
Schedule Delay Risk (3M),target_schedule_delay_risk_3m,Classification,New XGBoost (Project-History-Aware),0.762,0.5519,0.5433,0.4718,0.6401,,,,
Cost Overrun Delta % (3M),additional_cost_overrun_pct_3m,Regression,Old XGBoost (Static),,,,,,15.4994,61.079,-0.1265,2.4804
Cost Overrun Delta % (3M),additional_cost_overrun_pct_3m,Regression,New XGBoost (Project-History-Aware),,,,,,19.0426,64.3863,-0.2518,3.4661
Schedule Delay Delta (3M),additional_delay_months_3m,Regression,Old XGBoost (Static),,,,,,10.2137,24.6947,-0.0426,2.5954
Schedule Delay Delta (3M),additional_delay_months_3m,Regression,New XGBoost (Project-History-Aware),,,,,,9.6099,24.0503,0.0111,2.1715
