model,fold,roc_auc,pr_auc,accuracy,precision,recall,f1,brier_score,TN,FP,FN,TP,total_samples,positive_count,negative_count,threshold,mae,medae,rmse,r2,y_true_mean,y_true_std,y_pred_mean
cost_classifier_3m,1,0.6598,0.0427,0.9753,0.0,0.0,0.0,0.0241,2056.0,0.0,52.0,0.0,2108,52.0,2056.0,0.5,,,,,,,
cost_classifier_3m,2,0.7946,0.2511,0.9545,0.0,0.0,0.0,0.0435,2557.0,0.0,122.0,0.0,2679,122.0,2557.0,0.5,,,,,,,
cost_classifier_3m,3,0.733,0.2091,0.9625,0.0,0.0,0.0,0.0334,3771.0,0.0,147.0,0.0,3918,147.0,3771.0,0.5,,,,,,,
cost_classifier_3m,4,0.8282,0.4752,0.9322,0.0,0.0,0.0,0.0535,4485.0,0.0,326.0,0.0,4811,326.0,4485.0,0.5,,,,,,,
cost_classifier_3m,5,0.8555,0.5665,0.9419,0.0,0.0,0.0,0.0448,4946.0,0.0,305.0,0.0,5251,305.0,4946.0,0.5,,,,,,,
cost_classifier_3m,6,0.7784,0.1397,0.9576,0.0,0.0,0.0,0.0383,4581.0,0.0,203.0,0.0,4784,203.0,4581.0,0.5,,,,,,,
cost_classifier_3m,7,0.743,0.2124,0.9218,0.0,0.0,0.0,0.0711,4713.0,0.0,400.0,0.0,5113,400.0,4713.0,0.5,,,,,,,
cost_classifier_3m,8,0.617,0.0777,0.9774,0.0,0.0,0.0,0.0219,16906.0,0.0,391.0,0.0,17297,391.0,16906.0,0.5,,,,,,,
cost_regressor_3m,1,,,,,,,,,,,,2108,,,,7.0909,0.3701,56.2493,-0.0171,1.6468,55.7741,0.4794
cost_regressor_3m,2,,,,,,,,,,,,2679,,,,28.2507,0.3554,415.3613,0.018,7.0044,419.1413,4.6263
cost_regressor_3m,3,,,,,,,,,,,,3918,,,,17.9577,0.5737,214.6799,0.2438,-6.3979,246.8702,4.9571
cost_regressor_3m,4,,,,,,,,,,,,4811,,,,17.6784,0.3096,141.5219,-0.8896,-3.4173,102.9536,5.7758
cost_regressor_3m,5,,,,,,,,,,,,5251,,,,13.5735,0.8324,87.9347,-0.4171,0.3041,73.8681,-1.3173
cost_regressor_3m,6,,,,,,,,,,,,4784,,,,19.8131,0.7841,162.9869,-0.3917,1.8816,138.157,4.8218
cost_regressor_3m,7,,,,,,,,,,,,5113,,,,20.5852,0.9946,150.9105,-0.6855,-0.0231,116.2387,1.3458
cost_regressor_3m,8,,,,,,,,,,,,17297,,,,40.5351,0.6732,290.0962,-216.5307,-0.6293,19.669,35.8685
cold_start_cost_classifier_3m,1,0.4369,0.0401,0.9853,0.0,0.0,0.0,0.0147,12227.0,0.0,183.0,0.0,12410,183.0,12227.0,0.5,,,,,,,
cold_start_cost_classifier_3m,2,0.4855,0.0495,0.9686,0.0,0.0,0.0,0.031,12968.0,0.0,421.0,0.0,13389,421.0,12968.0,0.5,,,,,,,
cold_start_cost_classifier_3m,3,0.6197,0.0498,0.9735,0.0,0.0,0.0,0.0261,13822.0,0.0,376.0,0.0,14198,376.0,13822.0,0.5,,,,,,,
cold_start_cost_classifier_3m,4,0.5392,0.0975,0.9302,0.0,0.0,0.0,0.0654,13936.0,0.0,1045.0,0.0,14981,1045.0,13936.0,0.5,,,,,,,
cold_start_cost_classifier_3m,5,0.6303,0.1334,0.9325,0.0,0.0,0.0,0.0639,13350.0,0.0,966.0,0.0,14316,966.0,13350.0,0.5,,,,,,,
cold_start_cost_classifier_3m,6,0.6266,0.1047,0.9415,0.0,0.0,0.0,0.0551,11089.0,0.0,689.0,0.0,11778,689.0,11089.0,0.5,,,,,,,
cold_start_cost_classifier_3m,7,0.651,0.1262,0.9217,0.0,0.0,0.0,0.0731,9510.0,0.0,808.0,0.0,10318,808.0,9510.0,0.5,,,,,,,
cold_start_cost_classifier_3m,8,0.6523,0.0417,0.9764,0.0,0.0,0.0,0.0232,12395.0,0.0,299.0,0.0,12694,299.0,12395.0,0.5,,,,,,,
time_classifier_3m,1,0.8577,0.5863,0.8382,0.6,0.4232,0.4963,0.1151,1599.0,112.0,229.0,168.0,2108,397.0,1711.0,0.5,,,,,,,
time_classifier_3m,2,0.8374,0.6456,0.8697,0.7527,0.4242,0.5426,0.1094,2123.0,68.0,281.0,207.0,2679,488.0,2191.0,0.5,,,,,,,
time_classifier_3m,3,0.8099,0.5442,0.854,0.6983,0.244,0.3616,0.1109,3184.0,70.0,502.0,162.0,3918,664.0,3254.0,0.5,,,,,,,
time_classifier_3m,4,0.8225,0.5306,0.8616,0.7615,0.2128,0.3327,0.1073,3979.0,52.0,614.0,166.0,4811,780.0,4031.0,0.5,,,,,,,
time_classifier_3m,5,0.7777,0.5427,0.8145,0.782,0.1988,0.317,0.139,4051.0,63.0,911.0,226.0,5251,1137.0,4114.0,0.5,,,,,,,
time_classifier_3m,6,0.7402,0.5593,0.7055,0.0,0.0,0.0,0.1938,3375.0,0.0,1409.0,0.0,4784,1409.0,3375.0,0.5,,,,,,,
time_classifier_3m,7,0.7916,0.6145,0.6861,0.0,0.0,0.0,0.1885,3508.0,0.0,1605.0,0.0,5113,1605.0,3508.0,0.5,,,,,,,
time_classifier_3m,8,0.8007,0.6237,0.7712,0.745,0.2652,0.3911,0.1579,12069.0,435.0,3522.0,1271.0,17297,4793.0,12504.0,0.5,,,,,,,
time_regressor_3m,1,,,,,,,,,,,,2108,,,,2.4638,1.4099,5.4183,-0.7802,0.8548,4.0609,1.9214
time_regressor_3m,2,,,,,,,,,,,,2679,,,,2.6135,1.2544,6.1378,-0.0346,1.4289,6.0342,1.6898
time_regressor_3m,3,,,,,,,,,,,,3918,,,,3.6112,1.4692,7.7916,-0.3683,1.27,6.6609,1.5531
time_regressor_3m,4,,,,,,,,,,,,4811,,,,3.414,1.2128,9.0941,-0.0005,1.4498,9.0918,1.4215
time_regressor_3m,5,,,,,,,,,,,,5251,,,,4.1129,1.2805,10.9803,0.0116,2.2721,11.0444,1.3152
time_regressor_3m,6,,,,,,,,,,,,4784,,,,5.0491,1.5349,11.4133,0.087,1.7308,11.9446,1.7374
time_regressor_3m,7,,,,,,,,,,,,5113,,,,4.1739,1.5452,10.4988,0.2062,0.6276,11.7837,1.2239
time_regressor_3m,8,,,,,,,,,,,,17297,,,,7.6233,2.1287,16.2482,-0.2913,1.2057,14.2983,-1.6166
cold_start_time_classifier_3m,1,0.85,0.1877,0.9473,0.0,0.0,0.0,0.0569,11756.0,0.0,654.0,0.0,12410,654.0,11756.0,0.5,,,,,,,
cold_start_time_classifier_3m,2,0.6884,0.1637,0.9164,0.0,0.0,0.0,0.0736,12270.0,0.0,1119.0,0.0,13389,1119.0,12270.0,0.5,,,,,,,
cold_start_time_classifier_3m,3,0.6845,0.1979,0.8877,0.0,0.0,0.0,0.0963,12604.0,0.0,1594.0,0.0,14198,1594.0,12604.0,0.5,,,,,,,
cold_start_time_classifier_3m,4,0.6809,0.1983,0.8922,0.0,0.0,0.0,0.093,13366.0,0.0,1615.0,0.0,14981,1615.0,13366.0,0.5,,,,,,,
cold_start_time_classifier_3m,5,0.6749,0.2658,0.8618,0.0,0.0,0.0,0.1145,12338.0,0.0,1978.0,0.0,14316,1978.0,12338.0,0.5,,,,,,,
cold_start_time_classifier_3m,6,0.6254,0.3533,0.7467,0.0,0.0,0.0,0.1993,8795.0,0.0,2983.0,0.0,11778,2983.0,8795.0,0.5,,,,,,,
cold_start_time_classifier_3m,7,0.7262,0.3647,0.8016,0.0,0.0,0.0,0.1508,8271.0,0.0,2047.0,0.0,10318,2047.0,8271.0,0.5,,,,,,,
cold_start_time_classifier_3m,8,0.6705,0.4967,0.6167,0.0,0.0,0.0,0.2817,7828.0,0.0,4866.0,0.0,12694,4866.0,7828.0,0.5,,,,,,,
