Horizon,Project ID,Project Name,Sector,Agency,Original Cost Cr,Physical Progress %,Schedule Extension Mo,True Target,Prediction,Abs Error,Root Cause
3M,705659,Satna-Rewa Railway Line Doubling Project,RAILWAYS,WCR,500.0,80.0,103,0.0,1096.06,1096.06,Sudden Cost Realization
3M,705357,Baramati Lonand New Line Project (Centra,RAILWAYS,CR,736.0,50.0,0,1080.99,-7.79,1088.78,Massive Project Re-baselining / Scope Revision
3M,705651,Katni - Bina Third Railway Line [279 km],RAILWAYS,WCR,2478.23,95.0,107,0.0,1060.99,1060.99,Sudden Cost Realization
3M,705659,Satna-Rewa Railway Line Doubling Project,RAILWAYS,WCR,500.0,85.0,103,0.0,1038.47,1038.47,Sudden Cost Realization
3M,705659,Satna-Rewa Railway Line Doubling Project,RAILWAYS,WCR,500.0,82.0,103,0.0,1038.47,1038.47,Sudden Cost Realization
3M,705659,Satna-Rewa Railway Line Doubling Project,RAILWAYS,WCR,500.0,80.0,103,0.0,1022.72,1022.72,Sudden Cost Realization
3M,705659,Satna-Rewa Railway Line Doubling Project,RAILWAYS,WCR,500.0,80.0,103,0.0,1022.37,1022.37,Sudden Cost Realization
3M,705651,Katni - Bina Third Railway Line [279 km],RAILWAYS,WCR,2478.23,92.0,107,0.0,947.76,947.76,Sudden Cost Realization
3M,705651,Katni - Bina Third Railway Line [279 km],RAILWAYS,WCR,2478.23,90.0,107,0.0,938.96,938.96,Sudden Cost Realization
3M,705651,Katni - Bina Third Railway Line [279 km],RAILWAYS,WCR,2478.23,90.0,107,0.0,938.72,938.72,Sudden Cost Realization
3M,705453,"New line Dahod-Indore via Sardarpur, Jab",RAILWAYS,WR,1942.0,67.0,0,632.53,-0.12,632.65,Massive Project Re-baselining / Scope Revision
3M,N22000102,Sivok-Rangpo New Rail Line (Indian Railw,RAILWAYS,NFR,1339.48,73.5,144,-741.26,-219.12,522.14,Sudden Cost Realization
3M,N22000521,Brundamal-Jharsuguda- flyover connection,RAILWAYS,ECOR,48.44,10.0,0,-512.96,-0.19,512.77,Sudden Cost Realization
3M,N22000480,Wadsa-Gadchiroli (South East Central Rai,RAILWAYS,SECR,229.0,23.0,60,-723.6,-228.42,495.18,Sudden Cost Realization
3M,705357,Baramati Lonand New Line Project (Centra,RAILWAYS,CR,138.48,51.0,336,0.0,-435.88,435.88,Sudden Cost Realization
3M,N22000085,Tindivanam-Nagari New Line Project [184.,RAILWAYS,SR,582.83,14.0,0,-523.05,-89.25,433.8,Sudden Cost Realization
3M,705453,"New line Dahod-Indore via Sardarpur, Jab",RAILWAYS,WR,456.07,46.0,176,360.4,-56.14,416.54,Massive Project Re-baselining / Scope Revision
3M,705357,Baramati Lonand New Line Project (Centra,RAILWAYS,CR,138.48,51.0,336,0.0,-399.5,399.5,Sudden Cost Realization
3M,N22000467,Chandigarh-Baddi New Rail Line- 36 km (N,RAILWAYS,NR,328.14,25.0,45,-369.35,-5.63,363.72,Sudden Cost Realization
3M,N22000206,Construction of Balurghat-Hilli new BG L,RAILWAYS,NFR,242.22,6.0,84,-399.02,-45.84,353.18,Sudden Cost Realization
6M,705357,Baramati Lonand New Line Project (Centra,RAILWAYS,CR,736.0,50.0,0,1080.99,-9.82,1090.81,Massive Project Re-baselining / Scope Revision
6M,705659,Satna-Rewa Railway Line Doubling Project,RAILWAYS,WCR,500.0,80.0,103,0.0,845.67,845.67,Sudden Cost Realization
6M,705651,Katni - Bina Third Railway Line [279 km],RAILWAYS,WCR,2478.23,90.0,107,0.0,812.25,812.25,Sudden Cost Realization
6M,705659,Satna-Rewa Railway Line Doubling Project,RAILWAYS,WCR,500.0,80.0,103,0.0,810.94,810.94,Sudden Cost Realization
6M,705659,Satna-Rewa Railway Line Doubling Project,RAILWAYS,WCR,500.0,80.0,103,0.0,810.94,810.94,Sudden Cost Realization
6M,705659,Satna-Rewa Railway Line Doubling Project,RAILWAYS,WCR,500.0,82.0,103,0.0,728.08,728.08,Sudden Cost Realization
6M,705453,"New line Dahod-Indore via Sardarpur, Jab",RAILWAYS,WR,1942.0,67.0,0,632.53,1.62,630.91,Massive Project Re-baselining / Scope Revision
6M,705357,Baramati Lonand New Line Project (Centra,RAILWAYS,CR,138.48,51.0,336,0.0,-409.2,409.2,Sudden Cost Realization
6M,705453,"New line Dahod-Indore via Sardarpur, Jab",RAILWAYS,WR,456.07,46.0,176,360.4,-39.63,400.03,Massive Project Re-baselining / Scope Revision
6M,705357,Baramati Lonand New Line Project (Centra,RAILWAYS,CR,138.48,51.0,336,0.0,-390.12,390.12,Sudden Cost Realization
6M,705357,Baramati Lonand New Line Project (Centra,RAILWAYS,CR,138.48,51.0,336,0.0,-307.36,307.36,Sudden Cost Realization
6M,705457,Ratlam-Mhow-Khandwa-Akola Gauge Conversi,RAILWAYS,Multi-States (Madhya Pradesh,5678.0,87.0,18,277.4,4.44,272.96,Massive Project Re-baselining / Scope Revision
6M,705453,"New line Dahod-Indore via Sardarpur, Jab",RAILWAYS,WR,456.07,49.0,176,0.0,-266.4,266.4,Sudden Cost Realization
6M,603945,Integrated Anandpur Barrage Project (Wat,WATER RESOURCES,WATER RESOURCES,567.03,62.0,341,0.0,-226.64,226.64,Sudden Cost Realization
6M,705357,Baramati Lonand New Line Project (Centra,RAILWAYS,CR,138.48,51.0,336,0.0,-216.3,216.3,Sudden Cost Realization
6M,705391,Jiribam-Imphal new line project (Northea,RAILWAYS,NFR,14323.0,69.0,258,0.0,209.0,209.0,Sudden Cost Realization
6M,603945,Integrated Anandpur Barrage Project (Wat,WATER RESOURCES,WATER RESOURCES,567.03,62.0,341,0.0,-198.43,198.43,Sudden Cost Realization
6M,705391,Jiribam-Imphal new line project (Northea,RAILWAYS,NFR,14323.0,72.0,258,0.0,196.2,196.2,Sudden Cost Realization
6M,705391,Jiribam-Imphal new line project (Northea,RAILWAYS,NFR,14323.0,69.0,258,0.0,193.26,193.26,Sudden Cost Realization
6M,705391,Jiribam-Imphal new line project (Northea,RAILWAYS,NFR,14323.0,69.0,258,0.0,193.26,193.26,Sudden Cost Realization
