Feature,Available at T?,Future info possible?,Leakage Risk,Category,Decision
project_id,Yes,No,High (Memorization),Identifier,EXCLUDE
project_key,Yes,No,High (Memorization),Identifier,EXCLUDE
project_name,Yes,No,High (Memorization),Identifier,EXCLUDE
pmgid,No (100% null),No,None,Identifier,EXCLUDE
page,Metadata,No,Document artifact,Metadata,EXCLUDE
source_report,Metadata,No,Document artifact,Metadata,EXCLUDE
data_quality_flag,Metadata,No,Extraction artifact,Metadata,EXCLUDE
report_month,Yes (As-of date),No,Temporal ordering only,Temporal Index,USED FOR SPLITS ONLY
approval_start,Yes (Sanction date),No,None,Temporal Index,TRANSFORMED TO AGE
original_target_doc,Yes (Baseline DOC),No,None,Temporal Index,TRANSFORMED TO DURATION
revised_doc,Yes (Snapshot DOC),No (Historical snapshot),None,Temporal Index,TRANSFORMED TO REMAINING
agency,Yes (At inception),No,None,Categorical,SAFE (OneHotEncoded in fold)
ministry_department,Yes (At inception),No,None,Categorical,SAFE (OneHotEncoded in fold)
sector,Yes (At inception),No,None,Categorical,SAFE (OneHotEncoded in fold)
state,Yes (At inception),No,None,Categorical,SAFE (OneHotEncoded in fold)
schedule_status,Yes (Snapshot state),No,None,Categorical,SAFE (OneHotEncoded in fold)
original_cost_crore,Yes (Approved baseline),No,None,Project Scope,SAFE (Cold-Start & Mature)
original_duration_months,Yes (Approved baseline),No,None,Project Scope,SAFE (Cold-Start & Mature)
planned_remaining_months,Yes (Baseline countdown),No,None,Project Scope,SAFE (Cold-Start & Mature)
project_age_months,Yes (Elapsed time),No,None,State at T,SAFE (Mature)
revised_cost_crore,Yes (Approved as of T),No (Verified dynamic snapshot),None,State at T,SAFE (Mature)
cost_overrun_pct,Yes (Overrun as of T),No (Verified dynamic snapshot),None,State at T,SAFE (Mature)
cost_escalation_crore,Yes (Escalation as of T),No (Verified dynamic snapshot),None,State at T,SAFE (Mature)
cumulative_expenditure_crore,Yes (Spent up to T),No,None,State at T,SAFE (Mature)
expenditure_ratio_pct,Yes (Ratio at T),No,None,State at T,SAFE (Mature)
expenditure_velocity_crore_month,Yes (Monthly rate up to T),No,None,State at T,SAFE (Mature)
physical_progress_pct,Yes (Progress at T),No (Verified dynamic snapshot),None,State at T,SAFE (Mature)
remaining_work_pct,Yes (100 - Progress),No,None,State at T,SAFE (Mature)
schedule_extension_months,Yes (Extension as of T),No (Verified dynamic snapshot),None,State at T,SAFE (Mature)
extension_rate_pct,Yes (Rate as of T),No,None,State at T,SAFE (Mature)
overdue_days,Yes (Overdue as of T),No,None,State at T,SAFE (Mature)
extension_count,Yes (Revisions up to T),No,None,State at T,SAFE (Mature)
risk_signal_count,Yes (Flag sum at T),No,None,State at T,SAFE (Mature)
physical_progress_delta_1m,Yes (T - [T-1]),No (Backward looking),None,Trajectory,SAFE (Mature)
physical_progress_delta_3m,Yes (T - [T-3]),No (Backward looking),None,Trajectory,SAFE (Mature)
physical_progress_delta_6m,Yes (T - [T-6]),No (Backward looking),None,Trajectory,SAFE (Mature)
cost_overrun_delta_1m,Yes (T - [T-1]),No (Backward looking),None,Trajectory,SAFE (Mature)
cost_overrun_delta_3m,Yes (T - [T-3]),No (Backward looking),None,Trajectory,SAFE (Mature)
expenditure_ratio_delta_1m,Yes (T - [T-1]),No (Backward looking),None,Trajectory,SAFE (Mature)
expenditure_ratio_delta_3m,Yes (T - [T-3]),No (Backward looking),None,Trajectory,SAFE (Mature)
schedule_extension_delta_1m,Yes (T - [T-1]),No (Backward looking),None,Trajectory,SAFE (Mature)
consecutive_stagnant_months,Yes (Streak up to T),No (Backward looking),None,Trajectory,SAFE (Mature)
snapshot_history_count,Yes (Count up to T),No (Backward looking),None,Trajectory,SAFE (Mature)
