model,fold,roc_auc,pr_auc,accuracy,precision,recall,f1,brier_score,total_samples,positive_count,negative_count,threshold,mae,medae,rmse,r2,y_true_mean,y_true_std,y_pred_mean
cost_classifier_3m,1,0.6598,0.0427,0.9753,0.0,0.0,0.0,0.0241,2108,52.0,2056.0,0.5,,,,,,,
cost_classifier_3m,2,0.7946,0.2511,0.9545,0.0,0.0,0.0,0.0435,2679,122.0,2557.0,0.5,,,,,,,
cost_classifier_3m,3,0.733,0.2091,0.9625,0.0,0.0,0.0,0.0334,3918,147.0,3771.0,0.5,,,,,,,
cost_classifier_3m,4,0.8282,0.4752,0.9322,0.0,0.0,0.0,0.0535,4811,326.0,4485.0,0.5,,,,,,,
cost_classifier_3m,5,0.8555,0.5665,0.9419,0.0,0.0,0.0,0.0448,5251,305.0,4946.0,0.5,,,,,,,
cost_classifier_3m,6,0.7784,0.1397,0.9576,0.0,0.0,0.0,0.0383,4784,203.0,4581.0,0.5,,,,,,,
cost_classifier_3m,7,0.743,0.2124,0.9218,0.0,0.0,0.0,0.0711,5113,400.0,4713.0,0.5,,,,,,,
cost_classifier_3m,8,0.617,0.0777,0.9774,0.0,0.0,0.0,0.0219,17297,391.0,16906.0,0.5,,,,,,,
cost_regressor_3m,1,,,,,,,,2108,,,,7.0909,0.3701,56.2493,-0.0171,1.6468,55.7741,0.4794
cost_regressor_3m,2,,,,,,,,2679,,,,28.2507,0.3554,415.3613,0.018,7.0044,419.1413,4.6263
cost_regressor_3m,3,,,,,,,,3918,,,,17.9577,0.5737,214.6799,0.2438,-6.3979,246.8702,4.9571
cost_regressor_3m,4,,,,,,,,4811,,,,17.6784,0.3096,141.5219,-0.8896,-3.4173,102.9536,5.7758
cost_regressor_3m,5,,,,,,,,5251,,,,13.5735,0.8324,87.9347,-0.4171,0.3041,73.8681,-1.3173
cost_regressor_3m,6,,,,,,,,4784,,,,19.8131,0.7841,162.9869,-0.3917,1.8816,138.157,4.8218
cost_regressor_3m,7,,,,,,,,5113,,,,20.5852,0.9946,150.9105,-0.6855,-0.0231,116.2387,1.3458
cost_regressor_3m,8,,,,,,,,17297,,,,40.5351,0.6732,290.0962,-216.5307,-0.6293,19.669,35.8685
cold_start_cost_classifier_3m,1,0.4369,0.0401,0.9853,0.0,0.0,0.0,0.0147,12410,183.0,12227.0,0.5,,,,,,,
cold_start_cost_classifier_3m,2,0.4855,0.0495,0.9686,0.0,0.0,0.0,0.031,13389,421.0,12968.0,0.5,,,,,,,
cold_start_cost_classifier_3m,3,0.6197,0.0498,0.9735,0.0,0.0,0.0,0.0261,14198,376.0,13822.0,0.5,,,,,,,
cold_start_cost_classifier_3m,4,0.5392,0.0975,0.9302,0.0,0.0,0.0,0.0654,14981,1045.0,13936.0,0.5,,,,,,,
cold_start_cost_classifier_3m,5,0.6303,0.1334,0.9325,0.0,0.0,0.0,0.0639,14316,966.0,13350.0,0.5,,,,,,,
cold_start_cost_classifier_3m,6,0.6266,0.1047,0.9415,0.0,0.0,0.0,0.0551,11778,689.0,11089.0,0.5,,,,,,,
cold_start_cost_classifier_3m,7,0.651,0.1262,0.9217,0.0,0.0,0.0,0.0731,10318,808.0,9510.0,0.5,,,,,,,
cold_start_cost_classifier_3m,8,0.6523,0.0417,0.9764,0.0,0.0,0.0,0.0232,12694,299.0,12395.0,0.5,,,,,,,
cost_classifier_6m,1,0.7341,0.1173,0.9642,0.0,0.0,0.0,0.0336,1981,71.0,1910.0,0.5,,,,,,,
cost_classifier_6m,2,0.8007,0.3977,0.9383,0.0,0.0,0.0,0.0557,2561,158.0,2403.0,0.5,,,,,,,
cost_classifier_6m,3,0.7497,0.336,0.9384,0.0,0.0,0.0,0.0511,3750,231.0,3519.0,0.5,,,,,,,
cost_classifier_6m,4,0.8026,0.393,0.9265,0.0,0.0,0.0,0.0567,4668,343.0,4325.0,0.5,,,,,,,
cost_classifier_6m,5,0.8351,0.4696,0.9383,0.0,0.0,0.0,0.049,4860,300.0,4560.0,0.5,,,,,,,
cost_classifier_6m,6,0.7669,0.309,0.8768,0.0,0.0,0.0,0.1033,4618,569.0,4049.0,0.5,,,,,,,
cost_classifier_6m,7,0.7958,0.3534,0.901,0.0,0.0,0.0,0.0828,4675,463.0,4212.0,0.5,,,,,,,
cost_classifier_6m,8,0.5911,0.1155,0.9552,0.0,0.0,0.0,0.0422,11271,505.0,10766.0,0.5,,,,,,,
cost_regressor_6m,1,,,,,,,,1981,,,,8.8821,0.4842,58.9063,-0.0135,1.8216,58.513,-0.5629
cost_regressor_6m,2,,,,,,,,2561,,,,28.2657,0.5724,376.3311,0.0262,1.4687,381.3503,4.6402
cost_regressor_6m,3,,,,,,,,3750,,,,20.3441,3.4557,186.3816,0.4445,-7.131,250.0796,1.7416
cost_regressor_6m,4,,,,,,,,4668,,,,23.273,2.2565,145.955,-0.3253,-5.8305,126.7838,2.233
cost_regressor_6m,5,,,,,,,,4860,,,,14.3457,1.9253,87.1456,-1.5352,-0.5834,54.7312,1.7904
cost_regressor_6m,6,,,,,,,,4618,,,,23.7479,1.6086,159.9358,0.0552,0.0443,164.5386,0.3834
cost_regressor_6m,7,,,,,,,,4675,,,,17.838,1.7261,126.2965,-0.0447,0.0301,123.5622,-0.0852
cost_regressor_6m,8,,,,,,,,11271,,,,38.357,1.0261,280.7214,-98.1741,-1.2303,28.1888,30.6902
cold_start_cost_classifier_6m,1,0.3347,0.025,0.9767,0.0,0.0,0.0,0.024,12187,284.0,11903.0,0.5,,,,,,,
cold_start_cost_classifier_6m,2,0.4817,0.0667,0.9587,0.0,0.0,0.0,0.0417,12939,534.0,12405.0,0.5,,,,,,,
cold_start_cost_classifier_6m,3,0.6666,0.1037,0.9541,0.0,0.0,0.0,0.0448,13885,638.0,13247.0,0.5,,,,,,,
cold_start_cost_classifier_6m,4,0.5332,0.1161,0.9291,0.0,0.0,0.0,0.0658,14803,1049.0,13754.0,0.5,,,,,,,
cold_start_cost_classifier_6m,5,0.5719,0.0909,0.9367,0.0,0.0,0.0,0.0591,13167,834.0,12333.0,0.5,,,,,,,
cold_start_cost_classifier_6m,6,0.4836,0.1231,0.8768,0.0,0.0,0.0,0.1143,11014,1357.0,9657.0,0.5,,,,,,,
cold_start_cost_classifier_6m,7,0.6436,0.1406,0.9126,0.0,0.0,0.0,0.0795,9783,855.0,8928.0,0.5,,,,,,,
cold_start_cost_classifier_6m,8,0.6751,0.0676,0.9643,0.0,0.0,0.0,0.0345,9517,340.0,9177.0,0.5,,,,,,,
time_classifier_3m,1,0.8577,0.5863,0.8382,0.6,0.4232,0.4963,0.1151,2108,397.0,1711.0,0.5,,,,,,,
time_classifier_3m,2,0.8374,0.6456,0.8697,0.7527,0.4242,0.5426,0.1094,2679,488.0,2191.0,0.5,,,,,,,
time_classifier_3m,3,0.8099,0.5442,0.854,0.6983,0.244,0.3616,0.1109,3918,664.0,3254.0,0.5,,,,,,,
time_classifier_3m,4,0.8225,0.5306,0.8616,0.7615,0.2128,0.3327,0.1073,4811,780.0,4031.0,0.5,,,,,,,
time_classifier_3m,5,0.7777,0.5427,0.8145,0.782,0.1988,0.317,0.139,5251,1137.0,4114.0,0.5,,,,,,,
time_classifier_3m,6,0.7402,0.5593,0.7055,0.0,0.0,0.0,0.1938,4784,1409.0,3375.0,0.5,,,,,,,
time_classifier_3m,7,0.7916,0.6145,0.6861,0.0,0.0,0.0,0.1885,5113,1605.0,3508.0,0.5,,,,,,,
time_classifier_3m,8,0.8007,0.6237,0.7712,0.745,0.2652,0.3911,0.1579,17297,4793.0,12504.0,0.5,,,,,,,
time_regressor_3m,1,,,,,,,,2108,,,,2.4638,1.4099,5.4183,-0.7802,0.8548,4.0609,1.9214
time_regressor_3m,2,,,,,,,,2679,,,,2.6135,1.2544,6.1378,-0.0346,1.4289,6.0342,1.6898
time_regressor_3m,3,,,,,,,,3918,,,,3.6112,1.4692,7.7916,-0.3683,1.27,6.6609,1.5531
time_regressor_3m,4,,,,,,,,4811,,,,3.414,1.2128,9.0941,-0.0005,1.4498,9.0918,1.4215
time_regressor_3m,5,,,,,,,,5251,,,,4.1129,1.2805,10.9803,0.0116,2.2721,11.0444,1.3152
time_regressor_3m,6,,,,,,,,4784,,,,5.0491,1.5349,11.4133,0.087,1.7308,11.9446,1.7374
time_regressor_3m,7,,,,,,,,5113,,,,4.1739,1.5452,10.4988,0.2062,0.6276,11.7837,1.2239
time_regressor_3m,8,,,,,,,,17297,,,,7.6233,2.1287,16.2482,-0.2913,1.2057,14.2983,-1.6166
cold_start_time_classifier_3m,1,0.85,0.1877,0.9473,0.0,0.0,0.0,0.0569,12410,654.0,11756.0,0.5,,,,,,,
cold_start_time_classifier_3m,2,0.6884,0.1637,0.9164,0.0,0.0,0.0,0.0736,13389,1119.0,12270.0,0.5,,,,,,,
cold_start_time_classifier_3m,3,0.6845,0.1979,0.8877,0.0,0.0,0.0,0.0963,14198,1594.0,12604.0,0.5,,,,,,,
cold_start_time_classifier_3m,4,0.6809,0.1983,0.8922,0.0,0.0,0.0,0.093,14981,1615.0,13366.0,0.5,,,,,,,
cold_start_time_classifier_3m,5,0.6749,0.2658,0.8618,0.0,0.0,0.0,0.1145,14316,1978.0,12338.0,0.5,,,,,,,
cold_start_time_classifier_3m,6,0.6254,0.3533,0.7467,0.0,0.0,0.0,0.1993,11778,2983.0,8795.0,0.5,,,,,,,
cold_start_time_classifier_3m,7,0.7262,0.3647,0.8016,0.0,0.0,0.0,0.1508,10318,2047.0,8271.0,0.5,,,,,,,
cold_start_time_classifier_3m,8,0.6705,0.4967,0.6167,0.0,0.0,0.0,0.2817,12694,4866.0,7828.0,0.5,,,,,,,
time_classifier_6m,1,0.8696,0.7447,0.8001,0.6894,0.6444,0.6661,0.1458,1981,613.0,1368.0,0.5,,,,,,,
time_classifier_6m,2,0.8535,0.7631,0.8122,0.7046,0.6233,0.6615,0.1411,2561,754.0,1807.0,0.5,,,,,,,
time_classifier_6m,3,0.843,0.7074,0.8304,0.7507,0.5314,0.6223,0.1418,3750,986.0,2764.0,0.5,,,,,,,
time_classifier_6m,4,0.8319,0.6982,0.8091,0.7659,0.4599,0.5747,0.1435,4668,1309.0,3359.0,0.5,,,,,,,
time_classifier_6m,5,0.7536,0.6915,0.6979,0.713,0.4188,0.5277,0.2004,4860,1958.0,2902.0,0.5,,,,,,,
time_classifier_6m,6,0.7414,0.6939,0.6501,0.742,0.3005,0.4278,0.2145,4618,2010.0,2608.0,0.5,,,,,,,
time_classifier_6m,7,0.7686,0.7038,0.6426,0.757,0.2746,0.403,0.2102,4675,2054.0,2621.0,0.5,,,,,,,
time_classifier_6m,8,0.8119,0.7262,0.7541,0.716,0.6445,0.6784,0.1851,11271,4534.0,6737.0,0.5,,,,,,,
time_regressor_6m,1,,,,,,,,1981,,,,3.9335,2.4562,7.6644,-0.1307,2.2554,7.2078,3.0932
time_regressor_6m,2,,,,,,,,2561,,,,4.0945,2.4133,7.646,0.1053,2.77,8.0834,3.3936
time_regressor_6m,3,,,,,,,,3750,,,,5.0997,2.6882,9.6869,-0.3623,2.4243,8.2995,2.6816
time_regressor_6m,4,,,,,,,,4668,,,,5.5668,2.1775,13.3845,-0.0084,3.373,13.3285,2.3805
time_regressor_6m,5,,,,,,,,4860,,,,7.327,2.8853,15.552,-0.1647,5.1821,14.4104,3.0349
time_regressor_6m,6,,,,,,,,4618,,,,7.9602,3.3389,15.1681,0.0603,2.4965,15.6474,3.4992
time_regressor_6m,7,,,,,,,,4675,,,,8.1473,3.2737,18.3465,0.0647,-0.6697,18.9703,2.4518
time_regressor_6m,8,,,,,,,,11271,,,,9.7126,3.4562,20.2049,-0.8961,2.6299,14.6733,-1.957
cold_start_time_classifier_6m,1,0.8218,0.2956,0.8539,0.2828,0.3562,0.3153,0.0906,12187,1151.0,11036.0,0.5,,,,,,,
cold_start_time_classifier_6m,2,0.7066,0.3065,0.8411,0.0,0.0,0.0,0.1232,12939,2056.0,10883.0,0.5,,,,,,,
cold_start_time_classifier_6m,3,0.6839,0.3114,0.8143,0.0,0.0,0.0,0.1424,13885,2578.0,11307.0,0.5,,,,,,,
cold_start_time_classifier_6m,4,0.6872,0.3187,0.8118,0.0,0.0,0.0,0.1442,14803,2786.0,12017.0,0.5,,,,,,,
cold_start_time_classifier_6m,5,0.6363,0.4032,0.7321,0.0,0.0,0.0,0.1924,13167,3528.0,9639.0,0.5,,,,,,,
cold_start_time_classifier_6m,6,0.6577,0.5352,0.5987,0.0,0.0,0.0,0.2611,11014,4420.0,6594.0,0.5,,,,,,,
cold_start_time_classifier_6m,7,0.7299,0.4607,0.7135,0.0,0.0,0.0,0.1843,9783,2803.0,6980.0,0.5,,,,,,,
cold_start_time_classifier_6m,8,0.7396,0.6601,0.5483,0.0,0.0,0.0,0.259,9517,4299.0,5218.0,0.5,,,,,,,
