model,roc_auc_mean,roc_auc_std,roc_auc_min,roc_auc_max,pr_auc_mean,pr_auc_std,pr_auc_min,pr_auc_max,accuracy_mean,accuracy_std,accuracy_min,accuracy_max,precision_mean,precision_std,precision_min,precision_max,recall_mean,recall_std,recall_min,recall_max,f1_mean,f1_std,f1_min,f1_max,brier_score_mean,brier_score_std,brier_score_min,brier_score_max,total_samples_mean,total_samples_std,total_samples_min,total_samples_max,positive_count_mean,positive_count_std,positive_count_min,positive_count_max,negative_count_mean,negative_count_std,negative_count_min,negative_count_max,threshold_mean,threshold_std,threshold_min,threshold_max,n_folds,total_validation_samples,mae_mean,mae_std,mae_min,mae_max,medae_mean,medae_std,medae_min,medae_max,rmse_mean,rmse_std,rmse_min,rmse_max,r2_mean,r2_std,r2_min,r2_max,y_true_mean_mean,y_true_mean_std,y_true_mean_min,y_true_mean_max,y_true_std_mean,y_true_std_std,y_true_std_min,y_true_std_max,y_pred_mean_mean,y_pred_mean_std,y_pred_mean_min,y_pred_mean_max
cost_classifier_3m,0.7512,0.076,0.617,0.8555,0.2468,0.1727,0.0427,0.5665,0.9529,0.0185,0.9218,0.9774,0.0,0.0,0.0,0.0,0.0,0.0,0.0,0.0,0.0,0.0,0.0,0.0,0.0413,0.015,0.0219,0.0711,5745.125,4497.9731,2108.0,17297.0,243.25,122.0776,52.0,400.0,5501.875,4421.6754,2056.0,16906.0,0.5,0.0,0.5,0.5,8,45961,,,,,,,,,,,,,,,,,,,,,,,,,,,,
cost_regressor_3m,,,,,,,,,,,,,,,,,,,,,,,,,,,,,5745.125,4497.9731,2108.0,17297.0,,,,,,,,,,,,,8,45961,20.6856,9.3801,7.0909,40.5351,0.6116,0.236,0.3096,0.9946,189.9676,108.5878,56.2493,415.3613,-27.3337,71.5106,-216.5307,0.2438,0.0462,3.681,-6.3979,7.0044,146.584,120.8727,19.669,419.1413,7.0697,11.1415,-1.3173,35.8685
cold_start_cost_classifier_3m,0.5802,0.0772,0.4369,0.6523,0.0804,0.0367,0.0401,0.1334,0.9537,0.0232,0.9217,0.9853,0.0,0.0,0.0,0.0,0.0,0.0,0.0,0.0,0.0,0.0,0.0,0.0,0.0441,0.0212,0.0147,0.0731,13010.5,1430.4721,10318.0,14981.0,598.375,302.0455,183.0,1045.0,12412.125,1401.1648,9510.0,13936.0,0.5,0.0,0.5,0.5,8,104084,,,,,,,,,,,,,,,,,,,,,,,,,,,,
cost_classifier_6m,0.7595,0.0705,0.5911,0.8351,0.3114,0.1212,0.1155,0.4696,0.9298,0.0267,0.8768,0.9642,0.0,0.0,0.0,0.0,0.0,0.0,0.0,0.0,0.0,0.0,0.0,0.0,0.0593,0.0213,0.0336,0.1033,4798.0,2645.8922,1981.0,11271.0,330.0,163.1602,71.0,569.0,4468.0,2540.7431,1910.0,10766.0,0.5,0.0,0.5,0.5,8,38384,,,,,,,,,,,,,,,,,,,,,,,,,,,,
cost_regressor_6m,,,,,,,,,,,,,,,,,,,,,,,,,,,,,4798.0,2645.8922,1981.0,11271.0,,,,,,,,,,,,,8,38384,21.8817,8.3823,8.8821,38.357,1.6319,0.9096,0.4842,3.4557,177.7092,97.7374,58.9063,376.3311,-12.4459,32.4068,-98.1741,0.4445,-1.4263,3.0802,-7.131,1.8216,148.4684,110.2573,28.1888,381.3503,5.1038,9.7898,-0.5629,30.6902
cold_start_cost_classifier_6m,0.5488,0.1085,0.3347,0.6751,0.0917,0.0349,0.025,0.1406,0.9386,0.0303,0.8768,0.9767,0.0,0.0,0.0,0.0,0.0,0.0,0.0,0.0,0.0,0.0,0.0,0.0,0.058,0.027,0.024,0.1143,12161.875,1786.4615,9517.0,14803.0,736.375,338.9141,284.0,1357.0,11425.5,1773.8238,8928.0,13754.0,0.5,0.0,0.5,0.5,8,97295,,,,,,,,,,,,,,,,,,,,,,,,,,,,
time_classifier_3m,0.8047,0.0341,0.7402,0.8577,0.5809,0.0403,0.5306,0.6456,0.8001,0.0671,0.6861,0.8697,0.5424,0.3175,0.0,0.782,0.221,0.1512,0.0,0.4242,0.3052,0.1906,0.0,0.5426,0.1402,0.0336,0.1073,0.1938,5745.125,4497.9731,2108.0,17297.0,1409.125,1341.0307,397.0,4793.0,4336.0,3184.5332,1711.0,12504.0,0.5,0.0,0.5,0.5,8,45961,,,,,,,,,,,,,,,,,,,,,,,,,,,,
time_regressor_3m,,,,,,,,,,,,,,,,,,,,,,,,,,,,,5745.125,4497.9731,2108.0,17297.0,,,,,,,,,,,,,8,45961,4.1327,1.5374,2.4638,7.6233,1.4794,0.2728,1.2128,2.1287,9.6978,3.2234,5.4183,16.2482,-0.1463,0.2978,-0.7802,0.2062,1.355,0.4751,0.6276,2.2721,9.3649,3.284,4.0609,14.2983,1.1557,1.0697,-1.6166,1.9214
cold_start_time_classifier_3m,0.7001,0.0622,0.6254,0.85,0.2785,0.1091,0.1637,0.4967,0.8338,0.1016,0.6167,0.9473,0.0,0.0,0.0,0.0,0.0,0.0,0.0,0.0,0.0,0.0,0.0,0.0,0.1333,0.0702,0.0569,0.2817,13010.5,1430.4721,10318.0,14981.0,2107.0,1224.3511,654.0,4866.0,10903.5,2074.9098,7828.0,13366.0,0.5,0.0,0.5,0.5,8,104084,,,,,,,,,,,,,,,,,,,,,,,,,,,,
time_classifier_6m,0.8092,0.0456,0.7414,0.8696,0.7161,0.0244,0.6915,0.7631,0.7496,0.0712,0.6426,0.8304,0.7298,0.0259,0.6894,0.7659,0.4872,0.1394,0.2746,0.6445,0.5702,0.1013,0.403,0.6784,0.1728,0.0308,0.1411,0.2145,4798.0,2645.8922,1981.0,11271.0,1777.25,1173.1878,613.0,4534.0,3020.75,1522.329,1368.0,6737.0,0.5,0.0,0.5,0.5,8,38384,,,,,,,,,,,,,,,,,,,,,,,,,,,,
time_regressor_6m,,,,,,,,,,,,,,,,,,,,,,,,,,,,,4798.0,2645.8922,1981.0,11271.0,,,,,,,,,,,,,8,38384,6.4802,1.9702,3.9335,9.7126,2.8362,0.4486,2.1775,3.4562,13.4567,4.4483,7.646,20.2049,-0.1665,0.3114,-0.8961,0.1053,2.5577,1.5055,-0.6697,5.1821,12.5776,3.9677,7.2078,18.9703,2.3222,1.6619,-1.957,3.4992
cold_start_time_classifier_6m,0.7079,0.0538,0.6363,0.8218,0.4114,0.1238,0.2956,0.6601,0.7392,0.1069,0.5483,0.8539,0.0353,0.0935,0.0,0.2828,0.0445,0.1178,0.0,0.3562,0.0394,0.1043,0.0,0.3153,0.1746,0.0577,0.0906,0.2611,12161.875,1786.4615,9517.0,14803.0,2952.625,1033.0329,1151.0,4420.0,9209.25,2406.9254,5218.0,12017.0,0.5,0.0,0.5,0.5,8,97295,,,,,,,,,,,,,,,,,,,,,,,,,,,,
