target,formulation,model,val_r2,val_mae,val_rmse,val_medae,val_p50,val_p75,val_p90,val_p95,val_p99,val_mean_bias,val_explained_variance,test_r2,test_mae,test_rmse,test_medae,test_p50,test_p75,test_p90,test_p95,test_p99,test_mean_bias,test_explained_variance,fit_time_s
Schedule Delay (Months),Persistence Baseline,Persistence,0.8106,3.2003,12.7438,0.0,0.0,0.0,6.0,21.0,62.0,-0.3541,0.8108,0.8789,3.4484,15.3419,0.0,0.0,0.0,5.5,21.0,76.0,-2.4809,0.8821,0.0
Schedule Delay (Months),Direct T+1,Linear Regression,-1659.7481,194.9248,1193.3566,0.9081,0.9081,10.4654,142.0992,787.2831,5348.1289,188.1993,-1618.4434,-3117.537,967.9587,2462.1958,622.8965,622.8965,1035.2391,1182.9214,1203.4092,16563.2865,967.0757,-2636.4466,5.38
Schedule Delay (Months),Direct T+1,Ridge Regression,0.8188,4.255,12.4643,0.7388,0.7388,2.0874,10.0,23.5881,60.0,1.3193,0.8209,0.8726,5.3443,15.7386,1.1724,1.1724,3.6428,11.6239,24.0,72.7019,-2.148,0.875,1.28
Schedule Delay (Months),Direct T+1,Random Forest,0.7916,4.7648,13.3675,0.5197,0.5197,2.5644,12.463,26.1356,61.0538,1.5228,0.7943,0.854,6.0156,16.8479,0.8855,0.8855,4.4843,15.0434,27.9871,77.1121,-2.7228,0.8578,135.09
Schedule Delay (Months),Direct T+1,HistGradientBoosting,0.8058,4.3872,12.9036,0.558,0.558,1.9963,10.9048,24.2644,60.0071,1.4388,0.8082,0.8552,5.5351,16.7781,0.7203,0.7203,2.8689,13.3897,28.0348,78.0796,-2.7636,0.8591,17.46
Schedule Delay (Months),Direct T+1,CatBoost,0.8164,4.2979,12.5462,0.6859,0.6859,1.9095,10.3723,24.1234,59.5438,1.3269,0.8185,0.8592,5.3287,16.5422,0.8094,0.8094,2.7139,12.0239,26.259,79.0394,-2.5926,0.8627,4.92
Schedule Delay (Months),Direct T+1,XGBoost,0.7789,4.6932,13.7683,0.635,0.635,2.3431,11.7623,25.0,61.7933,1.6966,0.7823,0.8521,5.8974,16.957,0.9278,0.9278,3.8282,14.6272,28.0384,82.1007,-2.8644,0.8563,9.53
Schedule Delay (Months),Direct T+1,Stacking Regressor,0.8191,4.1231,12.455,0.5172,0.5172,1.8646,10.0242,24.0,59.8734,1.1907,0.8207,0.87,5.2578,15.8953,0.8945,0.8945,3.173,12.1229,24.5276,74.0,-2.5466,0.8734,169.37
Schedule Delay (Months),Delta + Anchor,Linear Regression,-1659.6047,192.9415,1193.3051,0.643,0.643,4.7359,125.2411,787.2831,5348.1289,190.5968,-1617.241,-3117.5367,967.8952,2462.1957,622.8965,622.8965,1035.2391,1182.9214,1203.4092,16563.2865,967.1459,-2636.3765,4.82
Schedule Delay (Months),Delta + Anchor,Ridge Regression,0.8153,4.1532,12.5838,0.6009,0.6009,1.8944,10.0,23.9961,60.0,1.4819,0.8179,0.8775,4.356,15.4339,0.3369,0.3369,1.8096,9.0,23.6959,72.0106,-1.1401,0.8781,1.13
Schedule Delay (Months),Delta + Anchor,Random Forest,0.7925,4.2327,13.3399,0.2679,0.2679,1.066,10.9133,25.2948,60.5155,1.8047,0.7963,0.8748,4.2112,15.5995,0.2491,0.2491,0.7887,9.0,23.7567,74.8788,-1.2278,0.8756,377.89
Schedule Delay (Months),Delta + Anchor,HistGradientBoosting,0.8043,4.1316,12.9538,0.4058,0.4058,1.1604,9.9038,25.0,60.0,1.5634,0.8072,0.8793,4.0791,15.3157,0.3588,0.3588,0.7529,8.3135,23.4395,71.8703,-1.4256,0.8804,6.87
Schedule Delay (Months),Delta + Anchor,CatBoost,0.8074,4.0741,12.8528,0.4099,0.4099,1.1387,10.0,24.3216,60.0,1.4347,0.8098,0.8804,4.0067,15.2507,0.3209,0.3209,0.7818,7.9772,23.363,71.798,-1.5281,0.8816,5.09
Schedule Delay (Months),Delta + Anchor,XGBoost,0.7817,4.3715,13.6807,0.454,0.454,1.3954,10.698,25.9331,63.0864,2.0052,0.7864,0.8778,4.1687,15.4146,0.3436,0.3436,1.0,8.6247,23.3712,73.5857,-1.2781,0.8786,7.41
Schedule Delay (Months),Delta + Anchor,Stacking Regressor,0.8035,4.0579,12.9797,0.2761,0.2761,1.1686,9.9102,25.0,60.4646,1.5435,0.8063,0.8788,4.0391,15.3499,0.1472,0.1472,0.8437,8.4688,23.7719,71.8338,-1.4849,0.8799,198.81
Future Cost (INR Cr),Persistence Multiplier,Persistence,0.9089,153.0875,1488.8154,0.0,0.0,0.0,160.144,507.8205,2481.1164,-4.1119,0.9089,0.9697,83.0686,939.997,0.0,0.0,4.0,70.995,249.775,1348.4665,21.5241,0.9697,0.0
Cost Multiplier,T+1 Multiplier,Linear Regression,-8.1445,0.9761,2.6476,0.1365,0.1365,0.4996,1.2395,9.0,9.0627,0.6708,-7.5575,-0.3036,0.4932,0.7467,0.5,0.5,0.5,0.7563,1.0378,2.3786,-0.2822,-0.1174,5.57
Derived Future Cost (INR Cr),Derived from Multiplier,Linear Regression,-4.849,1476.4446,11929.005,91.2006,91.2006,386.3828,1841.22,3793.31,19546.2,997.8886,-4.808,0.624,908.1868,3309.2249,247.0575,247.0575,640.4787,1530.6787,2914.695,13202.57,-520.4924,0.6333,5.57
Cost Multiplier,T+1 Multiplier,Ridge Regression,0.3575,0.2173,0.7018,0.0912,0.0912,0.2663,0.4704,0.7273,1.4204,0.0493,0.3607,0.4753,0.3468,0.4737,0.3371,0.3371,0.4806,0.6415,0.7638,1.2716,0.2888,0.6703,1.12
Derived Future Cost (INR Cr),Derived from Multiplier,Ridge Regression,0.8662,321.5583,1804.0948,56.6354,56.6354,189.2525,548.3868,1015.4677,4156.8211,62.57,0.8664,0.8714,542.3652,1935.1457,175.1446,175.1446,447.3031,1031.862,1753.6281,6786.1049,399.6521,0.8769,1.12
Cost Multiplier,T+1 Multiplier,Random Forest,0.3816,0.1378,0.6885,0.0029,0.0029,0.0432,0.4084,0.7792,1.5775,0.0202,0.3821,0.6974,0.1557,0.3597,0.0172,0.0172,0.2147,0.4976,0.6388,1.0026,0.109,0.7252,164.22
Derived Future Cost (INR Cr),Derived from Multiplier,Random Forest,0.9264,184.2355,1338.1236,3.8658,3.8658,36.5197,270.902,711.4826,3156.8633,50.1199,0.9265,0.9113,309.3799,1606.8175,14.8355,14.8355,143.7987,557.8306,1175.4904,4767.6056,237.8866,0.9133,164.22
Cost Multiplier,T+1 Multiplier,HistGradientBoosting,0.4002,0.1284,0.678,0.0056,0.0056,0.0443,0.364,0.69,1.3721,0.0153,0.4006,0.7229,0.152,0.3442,0.0182,0.0182,0.2131,0.5145,0.5954,0.9908,0.1116,0.7521,10.14
Derived Future Cost (INR Cr),Derived from Multiplier,HistGradientBoosting,0.933,166.0692,1276.724,5.4143,5.4143,38.7554,242.561,618.2061,2560.2441,47.7924,0.9331,0.9302,282.0548,1425.7005,15.7495,15.7495,139.2948,511.7542,1048.2135,4401.6795,224.5899,0.9319,10.14
Cost Multiplier,T+1 Multiplier,CatBoost,0.4074,0.127,0.674,0.0056,0.0056,0.0519,0.3478,0.6679,1.3311,0.0151,0.4077,0.7186,0.1545,0.3469,0.0232,0.0232,0.2234,0.5161,0.606,0.9809,0.1109,0.7473,4.56
Derived Future Cost (INR Cr),Derived from Multiplier,CatBoost,0.9322,168.0649,1284.7845,3.9715,3.9715,39.9433,256.0201,637.5278,2616.7195,43.2204,0.9322,0.9284,291.1399,1444.4694,16.1645,16.1645,147.6752,538.0426,1090.1039,4432.7323,219.079,0.93,4.56
Cost Multiplier,T+1 Multiplier,XGBoost,0.365,0.1381,0.6977,0.0052,0.0052,0.0481,0.389,0.7414,1.6358,0.0159,0.3654,0.6795,0.1579,0.3702,0.0174,0.0174,0.2154,0.5099,0.6355,1.0127,0.1092,0.7074,6.92
Derived Future Cost (INR Cr),Derived from Multiplier,XGBoost,0.9288,179.869,1315.8763,3.5827,3.5827,40.651,261.4674,676.7357,3065.2378,45.8247,0.9289,0.9215,307.2798,1511.6851,13.4799,13.4799,138.0474,542.6462,1172.2354,5547.6664,242.4666,0.9236,6.92
Cost Multiplier,T+1 Multiplier,Stacking Regressor,0.4113,0.1277,0.6717,0.0101,0.0101,0.0502,0.355,0.6687,1.2742,0.0163,0.4117,0.7179,0.1613,0.3474,0.0301,0.0301,0.2352,0.5223,0.6113,0.9807,0.1238,0.7537,175.8
Derived Future Cost (INR Cr),Derived from Multiplier,Stacking Regressor,0.9308,169.1451,1297.7773,6.617,6.617,44.2155,258.8862,622.1143,2494.1968,45.3486,0.9309,0.9317,296.5769,1409.8339,26.0298,26.0298,155.7148,553.9519,1106.2522,4476.0107,236.2232,0.9337,175.8
