Task,Rank,Feature,Importance Weight,Infrastructure Domain Justification
Cost Regression 3M,1,cost_overrun_rolling_mean_6m,0.0773,Prior cost escalation momentum directly predicts future compounding overrun
Cost Regression 3M,2,progress_acceleration,0.0768,Core project structural & lifecycle characteristic
Cost Regression 3M,3,project_age_months,0.0655,Core project structural & lifecycle characteristic
Cost Regression 3M,4,progress_rolling_std_3m,0.0485,Core project structural & lifecycle characteristic
Cost Regression 3M,5,delay_rolling_mean_3m,0.0403,Historical schedule slippage increases contractor overhead and indexation costs
Cost Regression 3M,6,expenditure_change_3m,0.0397,Core project structural & lifecycle characteristic
Cost Regression 3M,7,expenditure_acceleration,0.0371,Core project structural & lifecycle characteristic
Cost Regression 3M,8,cost_overrun_rolling_mean_3m,0.0318,Prior cost escalation momentum directly predicts future compounding overrun
Cost Regression 3M,9,expenditure_change_1m,0.0254,Core project structural & lifecycle characteristic
Cost Regression 3M,10,cost_overrun_pct,0.0234,Prior cost escalation momentum directly predicts future compounding overrun
Cost Regression 3M,11,original_duration_months,0.0209,Core project structural & lifecycle characteristic
Cost Regression 3M,12,elapsed_duration_pct,0.0208,Core project structural & lifecycle characteristic
Cost Regression 3M,13,ministry_department_MINISTRY OF RAILWAYS,0.0194,Core project structural & lifecycle characteristic
Cost Regression 3M,14,consecutive_stagnant_months,0.019,Physical stalling creates bottleneck risk and resource mobilization penalties
Cost Regression 3M,15,progress_minus_expenditure_gap,0.0171,Core project structural & lifecycle characteristic
Cost Classification 3M,1,cost_overrun_negative_flag,0.1334,Prior cost escalation momentum directly predicts future compounding overrun
Cost Classification 3M,2,cost_overrun_rolling_std_6m,0.095,Prior cost escalation momentum directly predicts future compounding overrun
Cost Classification 3M,3,cost_overrun_rolling_std_3m,0.0505,Prior cost escalation momentum directly predicts future compounding overrun
Cost Classification 3M,4,cost_escalation_crore,0.0274,Prior cost escalation momentum directly predicts future compounding overrun
Cost Classification 3M,5,cost_overrun_pct,0.0209,Prior cost escalation momentum directly predicts future compounding overrun
Cost Classification 3M,6,agency_NHAI,0.0203,Core project structural & lifecycle characteristic
Cost Classification 3M,7,remaining_budget_crore,0.0202,Core project structural & lifecycle characteristic
Cost Classification 3M,8,expenditure_ratio_pct,0.0192,Financial expenditure outpaces physical completion (overspending signal)
Cost Classification 3M,9,cost_overrun_rolling_mean_3m,0.0149,Prior cost escalation momentum directly predicts future compounding overrun
Cost Classification 3M,10,cumulative_expenditure_crore,0.013,Core project structural & lifecycle characteristic
Cost Classification 3M,11,expenditure_change_3m,0.0126,Core project structural & lifecycle characteristic
Cost Classification 3M,12,cost_overrun_rolling_mean_6m,0.0123,Prior cost escalation momentum directly predicts future compounding overrun
Cost Classification 3M,13,progress_minus_expenditure_gap,0.0117,Core project structural & lifecycle characteristic
Cost Classification 3M,14,agency_CR,0.0103,Core project structural & lifecycle characteristic
Cost Classification 3M,15,agency_MoRTH,0.0098,Core project structural & lifecycle characteristic
Time Regression 3M,1,progress_rolling_std_3m,0.1116,Core project structural & lifecycle characteristic
Time Regression 3M,2,expenditure_velocity_crore_month,0.1035,Core project structural & lifecycle characteristic
Time Regression 3M,3,delay_rolling_std_3m,0.0592,Historical schedule slippage increases contractor overhead and indexation costs
Time Regression 3M,4,schedule_status_Delayed,0.0505,Core project structural & lifecycle characteristic
Time Regression 3M,5,state_Maharashtra,0.0484,Core project structural & lifecycle characteristic
Time Regression 3M,6,cumulative_expenditure_crore,0.0274,Core project structural & lifecycle characteristic
Time Regression 3M,7,sector_PETROLEUM,0.0246,Sector-specific risk profile (e.g. Railways/Highways land acquisition hurdles)
Time Regression 3M,8,revised_remaining_months,0.0225,Core project structural & lifecycle characteristic
Time Regression 3M,9,delay_change_3m,0.0223,Historical schedule slippage increases contractor overhead and indexation costs
Time Regression 3M,10,sector_POWER,0.02,Sector-specific risk profile (e.g. Railways/Highways land acquisition hurdles)
Time Regression 3M,11,ministry_department_MINISTRY OF PETROLEUM & NATURAL GAS,0.0192,Core project structural & lifecycle characteristic
Time Regression 3M,12,cost_overrun_rolling_std_3m,0.0191,Prior cost escalation momentum directly predicts future compounding overrun
Time Regression 3M,13,progress_change_1m,0.0149,Physical stalling creates bottleneck risk and resource mobilization penalties
Time Regression 3M,14,ministry_department_MINISTRY OF RAILWAYS,0.0147,Core project structural & lifecycle characteristic
Time Regression 3M,15,agency_PGCIL,0.0143,Core project structural & lifecycle characteristic
Time Classification 3M,1,schedule_status_Delayed,0.1207,Core project structural & lifecycle characteristic
Time Classification 3M,2,agency_NTPC,0.0507,Core project structural & lifecycle characteristic
Time Classification 3M,3,sector_POWER,0.0489,Sector-specific risk profile (e.g. Railways/Highways land acquisition hurdles)
Time Classification 3M,4,revised_remaining_months,0.0388,Core project structural & lifecycle characteristic
Time Classification 3M,5,ministry_department_MINISTRY OF POWER,0.0379,Core project structural & lifecycle characteristic
Time Classification 3M,6,delay_rolling_std_3m,0.0367,Historical schedule slippage increases contractor overhead and indexation costs
Time Classification 3M,7,months_to_revised_completion,0.0291,Core project structural & lifecycle characteristic
Time Classification 3M,8,planned_remaining_months,0.0287,Core project structural & lifecycle characteristic
Time Classification 3M,9,delay_rolling_mean_3m,0.0275,Historical schedule slippage increases contractor overhead and indexation costs
Time Classification 3M,10,agency_MoRTH,0.0166,Core project structural & lifecycle characteristic
Time Classification 3M,11,sector_ROAD TRANSPORT & HIGHWAYS,0.0164,Sector-specific risk profile (e.g. Railways/Highways land acquisition hurdles)
Time Classification 3M,12,delay_change_3m,0.0159,Historical schedule slippage increases contractor overhead and indexation costs
Time Classification 3M,13,state_Maharashtra,0.0158,Core project structural & lifecycle characteristic
Time Classification 3M,14,agency_MORTH,0.0154,Core project structural & lifecycle characteristic
Time Classification 3M,15,ministry_department_MINISTRY OF ROAD TRANSPORT & HIGHWAYS,0.0147,Core project structural & lifecycle characteristic
